{
  "FNR_macro": 0.7667476873994109,
  "FPR_macro": 0.11390332164816482,
  "accuracy": 0.21866666666666668,
  "class_names": [
    "0",
    "1",
    "2",
    "3",
    "4",
    "5",
    "6",
    "7"
  ],
  "confusion_matrix": [
    [
      29,
      12,
      2,
      17,
      1,
      15,
      11,
      19
    ],
    [
      530,
      290,
      15,
      37,
      6,
      303,
      33,
      2
    ],
    [
      132,
      137,
      40,
      12,
      1,
      39,
      1,
      9
    ],
    [
      7,
      3,
      0,
      11,
      2,
      0,
      7,
      10
    ],
    [
      205,
      24,
      0,
      1,
      71,
      11,
      2,
      0
    ],
    [
      96,
      59,
      43,
      52,
      5,
      98,
      43,
      50
    ],
    [
      13,
      41,
      1,
      29,
      2,
      7,
      60,
      15
    ],
    [
      77,
      85,
      0,
      39,
      9,
      15,
      57,
      57
    ]
  ],
  "loss": 3.851664662361145,
  "macro_f1": 0.21476910029366017,
  "per_class": {
    "0": {
      "FN": 77,
      "FNR": 0.7264150943396226,
      "FP": 1060,
      "FPR": 0.36627505183137526,
      "TN": 1834,
      "TP": 29,
      "class_id": 0,
      "class_name": "0",
      "f1": 0.048535564853556486,
      "precision": 0.02662993572084481,
      "recall": 0.27358490566037735,
      "support": 106
    },
    "1": {
      "FN": 926,
      "FNR": 0.7615131578947368,
      "FP": 361,
      "FPR": 0.2023542600896861,
      "TN": 1423,
      "TP": 290,
      "class_id": 1,
      "class_name": "1",
      "f1": 0.31065881092662023,
      "precision": 0.445468509984639,
      "recall": 0.23848684210526316,
      "support": 1216
    },
    "2": {
      "FN": 331,
      "FNR": 0.8921832884097035,
      "FP": 61,
      "FPR": 0.02320273868391023,
      "TN": 2568,
      "TP": 40,
      "class_id": 2,
      "class_name": "2",
      "f1": 0.16949152542372883,
      "precision": 0.39603960396039606,
      "recall": 0.1078167115902965,
      "support": 371
    },
    "3": {
      "FN": 29,
      "FNR": 0.725,
      "FP": 187,
      "FPR": 0.06317567567567567,
      "TN": 2773,
      "TP": 11,
      "class_id": 3,
      "class_name": "3",
      "f1": 0.09243697478991596,
      "precision": 0.05555555555555555,
      "recall": 0.275,
      "support": 40
    },
    "4": {
      "FN": 243,
      "FNR": 0.7738853503184714,
      "FP": 26,
      "FPR": 0.00967982129560685,
      "TN": 2660,
      "TP": 71,
      "class_id": 4,
      "class_name": "4",
      "f1": 0.34549878345498786,
      "precision": 0.7319587628865979,
      "recall": 0.22611464968152867,
      "support": 314
    },
    "5": {
      "FN": 348,
      "FNR": 0.7802690582959642,
      "FP": 390,
      "FPR": 0.15270164447924825,
      "TN": 2164,
      "TP": 98,
      "class_id": 5,
      "class_name": "5",
      "f1": 0.20985010706638113,
      "precision": 0.20081967213114754,
      "recall": 0.21973094170403587,
      "support": 446
    },
    "6": {
      "FN": 108,
      "FNR": 0.6428571428571429,
      "FP": 154,
      "FPR": 0.054378531073446326,
      "TN": 2678,
      "TP": 60,
      "class_id": 6,
      "class_name": "6",
      "f1": 0.31413612565445026,
      "precision": 0.2803738317757009,
      "recall": 0.35714285714285715,
      "support": 168
    },
    "7": {
      "FN": 282,
      "FNR": 0.831858407079646,
      "FP": 105,
      "FPR": 0.03945885005636979,
      "TN": 2556,
      "TP": 57,
      "class_id": 7,
      "class_name": "7",
      "f1": 0.2275449101796407,
      "precision": 0.35185185185185186,
      "recall": 0.168141592920354,
      "support": 339
    }
  },
  "precision_macro": 0.31108721548334173,
  "recall_macro": 0.2332523126005891,
  "support_total": 3000,
  "weighted_f1": 0.26049235943412175
}
