{
  "scenario": "normal_noniid",
  "n_features": 28,
  "k_features": 16,
  "selected_indices": [
    0,
    2,
    3,
    4,
    6,
    7,
    8,
    12,
    14,
    16,
    17,
    18,
    20,
    21,
    22,
    24
  ],
  "selected_features": [
    "flow_duration",
    "Protocol Type",
    "Duration",
    "Rate",
    "syn_flag_number",
    "rst_flag_number",
    "psh_flag_number",
    "fin_count",
    "rst_count",
    "HTTPS",
    "DNS",
    "SSH",
    "UDP",
    "ARP",
    "ICMP",
    "Min"
  ],
  "feature_scores": [
    3.4593485248549506e-09,
    1.1395861018048261e-07,
    3.4904896180769304e-09,
    3.8093549301429997e-10,
    3.826267578415263e-08,
    1.4757103692372903e-08,
    2.2753742066001784e-08,
    1.1058435437044038e-08,
    3.9865062312307195e-09,
    4.376750851775976e-09,
    2.430257492815612e-09,
    7.310734421363263e-10,
    1.399838162329878e-08,
    3.451010500325609e-09,
    1.0,
    5.754267164224675e-09
  ],
  "best_fitness": 0.06100422784066373,
  "generations": 4,
  "population_size": 8,
  "smoke": true,
  "method": "quantum-inspired genetic algorithm over binary feature masks"
}