{
  "FN": 141,
  "FNR": 0.083729216152019,
  "FP": 524,
  "FPR": 0.3981762917933131,
  "TN": 792,
  "TP": 1543,
  "accuracy": 0.7783333333333333,
  "f1": 0.8227139429485469,
  "f1_attack": 0.8227139429485469,
  "f1_normal": 0.7043130280124499,
  "macro_f1": 0.7635134854804984,
  "precision": 0.7464925012094823,
  "precision_attack": 0.7464925012094823,
  "precision_normal": 0.8488745980707395,
  "recall": 0.916270783847981,
  "recall_attack": 0.916270783847981,
  "recall_normal": 0.601823708206687,
  "selection_split": "server_validation",
  "support_attack": 1684,
  "support_normal": 1316,
  "support_total": 3000,
  "test_used_for_threshold": false,
  "threshold": 0.45,
  "weighted_f1": 0.7707754082632456
}
