{
  "primary_objective": "f1_attack",
  "primary_threshold": 0.45,
  "primary_validation_metrics": {
    "FN": 141,
    "FNR": 0.083729216152019,
    "FP": 524,
    "FPR": 0.3981762917933131,
    "TN": 792,
    "TP": 1543,
    "accuracy": 0.7783333333333333,
    "f1": 0.8227139429485469,
    "f1_attack": 0.8227139429485469,
    "f1_normal": 0.7043130280124499,
    "macro_f1": 0.7635134854804984,
    "precision": 0.7464925012094823,
    "precision_attack": 0.7464925012094823,
    "precision_normal": 0.8488745980707395,
    "recall": 0.916270783847981,
    "recall_attack": 0.916270783847981,
    "recall_normal": 0.601823708206687,
    "support_attack": 1684,
    "support_normal": 1316,
    "support_total": 3000,
    "threshold": 0.45,
    "weighted_f1": 0.7707754082632456
  },
  "secondary_objective": "recall_attack_with_fpr_control",
  "secondary_threshold": 0.55,
  "secondary_validation_metrics": {
    "FN": 1406,
    "FNR": 0.834916864608076,
    "FP": 34,
    "FPR": 0.025835866261398176,
    "TN": 1282,
    "TP": 278,
    "accuracy": 0.52,
    "f1": 0.27855711422845697,
    "f1_attack": 0.27855711422845697,
    "f1_normal": 0.6403596403596403,
    "macro_f1": 0.45945837729404865,
    "precision": 0.8910256410256411,
    "precision_attack": 0.8910256410256411,
    "precision_normal": 0.47693452380952384,
    "recall": 0.16508313539192399,
    "recall_attack": 0.16508313539192399,
    "recall_normal": 0.9741641337386018,
    "support_attack": 1684,
    "support_normal": 1316,
    "support_total": 3000,
    "threshold": 0.55,
    "weighted_f1": 0.43726782235800277
  },
  "selection_split": "validation",
  "test_used_for_threshold": false
}
