scenario,features,comparison,qifa_experiment,fedavg_experiment,delta_macro_f1,delta_accuracy,delta_fpr,delta_rare_recall,delta_rare_macro_f1,status
normal_noniid,28,E2 - E1,E2,E1,-0.002467134906848578,-0.00222095684096546,0.01910214557762248,-0.0020484995385492977,-0.006810054464186921,success
absent_local,28,E6 - E5,E6,E5,-0.01777445656660992,-0.012020414267692958,-0.0029526606236371794,0.01671818515048018,0.01966178522153242,success
normal_noniid,QGA-15,E4 - E3,E4,E3,-0.01093626116628954,-0.01197841729169491,0.037185218345633014,0.024621364523189415,0.002874035270453823,success
absent_local,QGA-15,E8 - E7,E8,E7,0.01189116486009062,0.0040808098823783,0.003260930619110182,0.0032975587592340705,0.0011173291258697315,success
