{
  "Backdoor_Malware": {
    "precision": 0.48833739103117885,
    "recall": 0.2763555555555556,
    "f1-score": 0.35296455027956747,
    "support": 22500.0
  },
  "BenignTraffic": {
    "precision": 0.531604003745269,
    "recall": 0.8958,
    "f1-score": 0.6672404803482608,
    "support": 45000.0
  },
  "BrowserHijacking": {
    "precision": 0.6152217045277214,
    "recall": 0.6280324063538301,
    "f1-score": 0.6215610536154687,
    "support": 43942.0
  },
  "CommandInjection": {
    "precision": 0.656043538792558,
    "recall": 0.63885328337606,
    "f1-score": 0.647334307444457,
    "support": 40568.0
  },
  "DDoS-ACK_Fragmentation": {
    "precision": 0.991123929617457,
    "recall": 0.9851111111111112,
    "f1-score": 0.9881083731764129,
    "support": 45000.0
  },
  "DDoS-HTTP_Flood": {
    "precision": 0.9848500384516791,
    "recall": 0.8537555555555556,
    "f1-score": 0.9146292108082371,
    "support": 45000.0
  },
  "DDoS-ICMP_Flood": {
    "precision": 0.9994440243739714,
    "recall": 0.9986888888888888,
    "f1-score": 0.9990663139408221,
    "support": 45000.0
  },
  "DDoS-ICMP_Fragmentation": {
    "precision": 0.9951415723227803,
    "recall": 0.9786222222222222,
    "f1-score": 0.9868127681982678,
    "support": 45000.0
  },
  "DDoS-PSHACK_Flood": {
    "precision": 0.9951021674571162,
    "recall": 0.9978,
    "f1-score": 0.9964492576729322,
    "support": 45000.0
  },
  "DDoS-RSTFINFlood": {
    "precision": 1.0,
    "recall": 0.999,
    "f1-score": 0.9994997498749375,
    "support": 45000.0
  },
  "DDoS-SYN_Flood": {
    "precision": 0.971989377670015,
    "recall": 0.9353777777777778,
    "f1-score": 0.9533322008946266,
    "support": 45000.0
  },
  "DDoS-SlowLoris": {
    "precision": 0.9082144716293598,
    "recall": 0.9692666666666667,
    "f1-score": 0.937747917226552,
    "support": 45000.0
  },
  "DDoS-SynonymousIP_Flood": {
    "precision": 0.94027571491329,
    "recall": 0.9988444444444444,
    "f1-score": 0.9686755816083532,
    "support": 45000.0
  },
  "DDoS-TCP_Flood": {
    "precision": 0.9941125694429074,
    "recall": 0.9981111111111111,
    "f1-score": 0.9961078275911778,
    "support": 45000.0
  },
  "DDoS-UDP_Flood": {
    "precision": 0.9904724009107589,
    "recall": 0.9956888888888888,
    "f1-score": 0.9930737945632058,
    "support": 45000.0
  },
  "DDoS-UDP_Fragmentation": {
    "precision": 0.9853283910061483,
    "recall": 0.9864888888888889,
    "f1-score": 0.9859082984464704,
    "support": 45000.0
  },
  "DNS_Spoofing": {
    "precision": 0.6808967929537697,
    "recall": 0.35904444444444444,
    "f1-score": 0.47016543235024516,
    "support": 45000.0
  },
  "DictionaryBruteForce": {
    "precision": 0.7821894647857558,
    "recall": 0.6579777777777778,
    "f1-score": 0.714727110338668,
    "support": 45000.0
  },
  "DoS-HTTP_Flood": {
    "precision": 0.911904662520349,
    "recall": 0.9709555555555556,
    "f1-score": 0.9405041220913963,
    "support": 45000.0
  },
  "DoS-SYN_Flood": {
    "precision": 0.9843580129129595,
    "recall": 0.9859111111111111,
    "f1-score": 0.9851339498839804,
    "support": 45000.0
  },
  "DoS-TCP_Flood": {
    "precision": 0.9990610958352893,
    "recall": 0.9931333333333333,
    "f1-score": 0.9960883955735348,
    "support": 45000.0
  },
  "DoS-UDP_Flood": {
    "precision": 0.9945925497351907,
    "recall": 0.9932222222222222,
    "f1-score": 0.9939069136516266,
    "support": 45000.0
  },
  "MITM-ArpSpoofing": {
    "precision": 0.7418312927214001,
    "recall": 0.6584,
    "f1-score": 0.6976300639282309,
    "support": 45000.0
  },
  "Mirai-greeth_flood": {
    "precision": 0.9249577887561754,
    "recall": 0.9860666666666666,
    "f1-score": 0.9545351876351199,
    "support": 45000.0
  },
  "Mirai-greip_flood": {
    "precision": 0.9893228977945262,
    "recall": 0.9101111111111111,
    "f1-score": 0.9480653263423499,
    "support": 45000.0
  },
  "Mirai-udpplain": {
    "precision": 0.9956305593329915,
    "recall": 0.9924666666666667,
    "f1-score": 0.9940460954627909,
    "support": 45000.0
  },
  "Recon-HostDiscovery": {
    "precision": 0.9834487417665935,
    "recall": 0.2588,
    "f1-score": 0.4097674254952324,
    "support": 45000.0
  },
  "Recon-OSScan": {
    "precision": 0.5303648186928248,
    "recall": 0.42773333333333335,
    "f1-score": 0.47355213305122273,
    "support": 45000.0
  },
  "Recon-PingSweep": {
    "precision": 0.3860673507732331,
    "recall": 0.7872679045092839,
    "f1-score": 0.5180760279286268,
    "support": 16965.0
  },
  "Recon-PortScan": {
    "precision": 0.38393569239810266,
    "recall": 0.4065111111111111,
    "f1-score": 0.3949010210910347,
    "support": 45000.0
  },
  "SqlInjection": {
    "precision": 0.5684987107248591,
    "recall": 0.605292592404291,
    "f1-score": 0.5863189776169018,
    "support": 39338.0
  },
  "Uploading_Attack": {
    "precision": 0.11909846940426495,
    "recall": 0.7839190628328009,
    "f1-score": 0.20678127984718242,
    "support": 9390.0
  },
  "VulnerabilityScan": {
    "precision": 0.9217756296107861,
    "recall": 0.9662666666666667,
    "f1-score": 0.9434969405025387,
    "support": 45000.0
  },
  "XSS": {
    "precision": NaN,
    "recall": 0.0,
    "f1-score": 0.0,
    "support": 22500.0
  },
  "accuracy": 0.8129482067475392,
  "macro avg": {
    "precision": 0.8165210856548873,
    "recall": 0.7905551870760993,
    "f1-score": 0.7716531790729538,
    "support": 1410203.0
  },
  "weighted avg": {
    "precision": 0.8501130263445779,
    "recall": 0.8129482067475392,
    "f1-score": 0.8111978087448446,
    "support": 1410203.0
  }
}