{
  "p4_macro_f1": 0.961143284995805,
  "p5_macro_f1": 0.901261823773277,
  "p6_macro_f1": 0.6355288381246096,
  "task": "l2_family",
  "with_p4": {
    "gap_macro_f1": -0.5726551046849643,
    "p4_accuracy": 0.9611957671957672,
    "p4_macro_f1": 0.961143284995805,
    "p7_accuracy": 0.6478819282685958,
    "p7_macro_f1": 0.38848818031084076
  },
  "with_p5": {
    "gap_macro_f1": -0.5127736434624363,
    "p5_fpr": 0.06806666666666666,
    "p5_macro_f1": 0.901261823773277,
    "p7_fpr": 0.05961038554635798,
    "p7_macro_f1": 0.38848818031084076
  },
  "with_p6": {
    "gap_macro_f1": -0.24704065781376883,
    "p6_l2_macro_f1": 0.6355288381246096,
    "p7_macro_f1": 0.38848818031084076
  }
}
