{
  "FNR_macro": 0.5414429084959358,
  "FPR_macro": 0.05961038554635798,
  "accuracy": 0.6478819282685958,
  "classification_report": {
    "accuracy": 0.6478819282685958,
    "classes": {
      "0": {
        "FN": 22591,
        "FNR": 0.5020222222222223,
        "FP": 41329,
        "FPR": 0.03130501043778083,
        "TN": 1278875,
        "TP": 22409,
        "class_id": 0,
        "class_name": "BruteForce",
        "f1": 0.41216502050801007,
        "precision": 0.3515799052370642,
        "recall": 0.4979777777777778,
        "support": 45000
      },
      "1": {
        "FN": 4946,
        "FNR": 0.00915925925925926,
        "FP": 214187,
        "FPR": 0.2595564248355558,
        "TN": 611017,
        "TP": 535054,
        "class_id": 1,
        "class_name": "DDoS",
        "f1": 0.8300294514369307,
        "precision": 0.7141280309006047,
        "recall": 0.9908407407407407,
        "support": 540000
      },
      "2": {
        "FN": 180000,
        "FNR": 1.0,
        "FP": 0,
        "FPR": 0.0,
        "TN": 1185204,
        "TP": 0,
        "class_id": 2,
        "class_name": "DoS",
        "f1": 0.0,
        "precision": 0.0,
        "recall": 0.0,
        "support": 180000
      },
      "3": {
        "FN": 22500,
        "FNR": 1.0,
        "FP": 0,
        "FPR": 0.0,
        "TN": 1342704,
        "TP": 0,
        "class_id": 3,
        "class_name": "Malware",
        "f1": 0.0,
        "precision": 0.0,
        "recall": 0.0,
        "support": 22500
      },
      "4": {
        "FN": 614,
        "FNR": 0.004548148148148148,
        "FP": 15964,
        "FPR": 0.012976709553862611,
        "TN": 1214240,
        "TP": 134386,
        "class_id": 4,
        "class_name": "Mirai",
        "f1": 0.9419029262309444,
        "precision": 0.8938210841370137,
        "recall": 0.9954518518518518,
        "support": 135000
      },
      "5": {
        "FN": 157699,
        "FNR": 0.8006407197181239,
        "FP": 1671,
        "FPR": 0.0014303592247470122,
        "TN": 1166567,
        "TP": 39267,
        "class_id": 5,
        "class_name": "Recon",
        "f1": 0.3301079426995763,
        "precision": 0.9591821779275979,
        "recall": 0.19935928028187605,
        "support": 196966
      },
      "6": {
        "FN": 90000,
        "FNR": 1.0,
        "FP": 0,
        "FPR": 0.0,
        "TN": 1275204,
        "TP": 0,
        "class_id": 6,
        "class_name": "Spoofing",
        "f1": 0.0,
        "precision": 0.0,
        "recall": 0.0,
        "support": 90000
      },
      "7": {
        "FN": 2363,
        "FNR": 0.015172918619733142,
        "FP": 207562,
        "FPR": 0.1716145803189176,
        "TN": 1001904,
        "TP": 153375,
        "class_id": 7,
        "class_name": "Web-based",
        "f1": 0.5937001016112643,
        "precision": 0.42493565359051577,
        "recall": 0.9848270813802669,
        "support": 155738
      }
    },
    "macro_avg": {
      "f1_score": 0.38848818031084076,
      "precision": 0.41795585647409955,
      "recall": 0.45855709150406415
    },
    "weighted_avg": {
      "f1_score": 0.5503953491247319
    }
  },
  "confusion_matrix": [
    [
      22409,
      355,
      0,
      0,
      0,
      867,
      0,
      21369
    ],
    [
      1088,
      535054,
      0,
      0,
      2139,
      510,
      0,
      1209
    ],
    [
      151,
      169224,
      0,
      0,
      10166,
      49,
      0,
      410
    ],
    [
      22,
      96,
      0,
      0,
      1,
      0,
      0,
      22381
    ],
    [
      19,
      470,
      0,
      0,
      134386,
      0,
      0,
      125
    ],
    [
      34301,
      41845,
      0,
      0,
      68,
      39267,
      0,
      81485
    ],
    [
      4407,
      1198,
      0,
      0,
      3582,
      230,
      0,
      80583
    ],
    [
      1341,
      999,
      0,
      0,
      8,
      15,
      0,
      153375
    ]
  ],
  "loss": 3.13859158763285,
  "macro_f1": 0.38848818031084076,
  "one_vs_rest_rows": [
    {
      "FN": 22591,
      "FNR": 0.5020222222222223,
      "FP": 41329,
      "FPR": 0.03130501043778083,
      "TN": 1278875,
      "TP": 22409,
      "class_id": 0,
      "class_name": "BruteForce",
      "f1": 0.41216502050801007,
      "precision": 0.3515799052370642,
      "recall": 0.4979777777777778,
      "support": 45000
    },
    {
      "FN": 4946,
      "FNR": 0.00915925925925926,
      "FP": 214187,
      "FPR": 0.2595564248355558,
      "TN": 611017,
      "TP": 535054,
      "class_id": 1,
      "class_name": "DDoS",
      "f1": 0.8300294514369307,
      "precision": 0.7141280309006047,
      "recall": 0.9908407407407407,
      "support": 540000
    },
    {
      "FN": 180000,
      "FNR": 1.0,
      "FP": 0,
      "FPR": 0.0,
      "TN": 1185204,
      "TP": 0,
      "class_id": 2,
      "class_name": "DoS",
      "f1": 0.0,
      "precision": 0.0,
      "recall": 0.0,
      "support": 180000
    },
    {
      "FN": 22500,
      "FNR": 1.0,
      "FP": 0,
      "FPR": 0.0,
      "TN": 1342704,
      "TP": 0,
      "class_id": 3,
      "class_name": "Malware",
      "f1": 0.0,
      "precision": 0.0,
      "recall": 0.0,
      "support": 22500
    },
    {
      "FN": 614,
      "FNR": 0.004548148148148148,
      "FP": 15964,
      "FPR": 0.012976709553862611,
      "TN": 1214240,
      "TP": 134386,
      "class_id": 4,
      "class_name": "Mirai",
      "f1": 0.9419029262309444,
      "precision": 0.8938210841370137,
      "recall": 0.9954518518518518,
      "support": 135000
    },
    {
      "FN": 157699,
      "FNR": 0.8006407197181239,
      "FP": 1671,
      "FPR": 0.0014303592247470122,
      "TN": 1166567,
      "TP": 39267,
      "class_id": 5,
      "class_name": "Recon",
      "f1": 0.3301079426995763,
      "precision": 0.9591821779275979,
      "recall": 0.19935928028187605,
      "support": 196966
    },
    {
      "FN": 90000,
      "FNR": 1.0,
      "FP": 0,
      "FPR": 0.0,
      "TN": 1275204,
      "TP": 0,
      "class_id": 6,
      "class_name": "Spoofing",
      "f1": 0.0,
      "precision": 0.0,
      "recall": 0.0,
      "support": 90000
    },
    {
      "FN": 2363,
      "FNR": 0.015172918619733142,
      "FP": 207562,
      "FPR": 0.1716145803189176,
      "TN": 1001904,
      "TP": 153375,
      "class_id": 7,
      "class_name": "Web-based",
      "f1": 0.5937001016112643,
      "precision": 0.42493565359051577,
      "recall": 0.9848270813802669,
      "support": 155738
    }
  ],
  "per_class": {
    "0": {
      "FN": 22591,
      "FNR": 0.5020222222222223,
      "FP": 41329,
      "FPR": 0.03130501043778083,
      "TN": 1278875,
      "TP": 22409,
      "class_id": 0,
      "class_name": "BruteForce",
      "f1": 0.41216502050801007,
      "precision": 0.3515799052370642,
      "recall": 0.4979777777777778,
      "support": 45000
    },
    "1": {
      "FN": 4946,
      "FNR": 0.00915925925925926,
      "FP": 214187,
      "FPR": 0.2595564248355558,
      "TN": 611017,
      "TP": 535054,
      "class_id": 1,
      "class_name": "DDoS",
      "f1": 0.8300294514369307,
      "precision": 0.7141280309006047,
      "recall": 0.9908407407407407,
      "support": 540000
    },
    "2": {
      "FN": 180000,
      "FNR": 1.0,
      "FP": 0,
      "FPR": 0.0,
      "TN": 1185204,
      "TP": 0,
      "class_id": 2,
      "class_name": "DoS",
      "f1": 0.0,
      "precision": 0.0,
      "recall": 0.0,
      "support": 180000
    },
    "3": {
      "FN": 22500,
      "FNR": 1.0,
      "FP": 0,
      "FPR": 0.0,
      "TN": 1342704,
      "TP": 0,
      "class_id": 3,
      "class_name": "Malware",
      "f1": 0.0,
      "precision": 0.0,
      "recall": 0.0,
      "support": 22500
    },
    "4": {
      "FN": 614,
      "FNR": 0.004548148148148148,
      "FP": 15964,
      "FPR": 0.012976709553862611,
      "TN": 1214240,
      "TP": 134386,
      "class_id": 4,
      "class_name": "Mirai",
      "f1": 0.9419029262309444,