{
  "FNR_macro": 0.5411430236788084,
  "FPR_macro": 0.059588598162511976,
  "accuracy": 0.6479685790088207,
  "classification_report": {
    "accuracy": 0.6479685790088207,
    "classes": {
      "0": {
        "FN": 22476,
        "FNR": 0.49946666666666667,
        "FP": 41868,
        "FPR": 0.03171332871787802,
        "TN": 1278334,
        "TP": 22524,
        "class_id": 0,
        "class_name": "BruteForce",
        "f1": 0.4118034225537517,
        "precision": 0.3497950055907566,
        "recall": 0.5005333333333334,
        "support": 45000
      },
      "1": {
        "FN": 4890,
        "FNR": 0.009055555555555556,
        "FP": 214079,
        "FPR": 0.25942617686336195,
        "TN": 611123,
        "TP": 535110,
        "class_id": 1,
        "class_name": "DDoS",
        "f1": 0.8301498073595106,
        "precision": 0.7142523448689183,
        "recall": 0.9909444444444444,
        "support": 540000
      },
      "2": {
        "FN": 180000,
        "FNR": 1.0,
        "FP": 0,
        "FPR": 0.0,
        "TN": 1185202,
        "TP": 0,
        "class_id": 2,
        "class_name": "DoS",
        "f1": 0.0,
        "precision": 0.0,
        "recall": 0.0,
        "support": 180000
      },
      "3": {
        "FN": 22500,
        "FNR": 1.0,
        "FP": 0,
        "FPR": 0.0,
        "TN": 1342702,
        "TP": 0,
        "class_id": 3,
        "class_name": "Malware",
        "f1": 0.0,
        "precision": 0.0,
        "recall": 0.0,
        "support": 22500
      },
      "4": {
        "FN": 595,
        "FNR": 0.004407407407407408,
        "FP": 15845,
        "FPR": 0.012879998569340644,
        "TN": 1214357,
        "TP": 134405,
        "class_id": 4,
        "class_name": "Mirai",
        "f1": 0.9423663453111306,
        "precision": 0.8945424292845258,
        "recall": 0.9955925925925926,
        "support": 135000
      },
      "5": {
        "FN": 157743,
        "FNR": 0.8008681745487777,
        "FP": 1690,
        "FPR": 0.0014466242723009115,
        "TN": 1166547,
        "TP": 39222,
        "class_id": 5,
        "class_name": "Recon",
        "f1": 0.32976706449131277,
        "precision": 0.9586918263590145,
        "recall": 0.1991318254512223,
        "support": 196965
      },
      "6": {
        "FN": 90000,
        "FNR": 1.0,
        "FP": 0,
        "FPR": 0.0,
        "TN": 1275202,
        "TP": 0,
        "class_id": 6,
        "class_name": "Spoofing",
        "f1": 0.0,
        "precision": 0.0,
        "recall": 0.0,
        "support": 90000
      },
      "7": {
        "FN": 2390,
        "FNR": 0.015346385252059561,
        "FP": 207112,
        "FPR": 0.1712426568772143,
        "TN": 1002353,
        "TP": 153347,
        "class_id": 7,
        "class_name": "Web-based",
        "f1": 0.594142535006083,
        "precision": 0.4254214765063433,
        "recall": 0.9846536147479404,
        "support": 155737
      }
    },
    "macro_avg": {
      "f1_score": 0.3885286468402236,
      "precision": 0.4178378853261948,
      "recall": 0.45885697632119166
    },
    "weighted_avg": {
      "f1_score": 0.5504782826554832
    }
  },
  "confusion_matrix": [
    [
      22524,
      380,
      0,
      0,
      0,
      847,
      0,
      21249
    ],
    [
      1060,
      535110,
      0,
      0,
      2071,
      559,
      0,
      1200
    ],
    [
      132,
      169267,
      0,
      0,
      10178,
      39,
      0,
      384
    ],
    [
      25,
      97,
      0,
      0,
      2,
      0,
      0,
      22376
    ],
    [
      29,
      461,
      0,
      0,
      134405,
      0,
      0,
      105
    ],
    [
      34777,
      41759,
      0,
      0,
      52,
      39222,
      0,
      81155
    ],
    [
      4440,
      1160,
      0,
      0,
      3535,
      222,
      0,
      80643
    ],
    [
      1405,
      955,
      0,
      0,
      7,
      23,
      0,
      153347
    ]
  ],
  "loss": 3.1325214242316903,
  "macro_f1": 0.3885286468402236,
  "one_vs_rest_rows": [
    {
      "FN": 22476,
      "FNR": 0.49946666666666667,
      "FP": 41868,
      "FPR": 0.03171332871787802,
      "TN": 1278334,
      "TP": 22524,
      "class_id": 0,
      "class_name": "BruteForce",
      "f1": 0.4118034225537517,
      "precision": 0.3497950055907566,
      "recall": 0.5005333333333334,
      "support": 45000
    },
    {
      "FN": 4890,
      "FNR": 0.009055555555555556,
      "FP": 214079,
      "FPR": 0.25942617686336195,
      "TN": 611123,
      "TP": 535110,
      "class_id": 1,
      "class_name": "DDoS",
      "f1": 0.8301498073595106,
      "precision": 0.7142523448689183,
      "recall": 0.9909444444444444,
      "support": 540000
    },
    {
      "FN": 180000,
      "FNR": 1.0,
      "FP": 0,
      "FPR": 0.0,
      "TN": 1185202,
      "TP": 0,
      "class_id": 2,
      "class_name": "DoS",
      "f1": 0.0,
      "precision": 0.0,
      "recall": 0.0,
      "support": 180000
    },
    {
      "FN": 22500,
      "FNR": 1.0,
      "FP": 0,
      "FPR": 0.0,
      "TN": 1342702,
      "TP": 0,
      "class_id": 3,
      "class_name": "Malware",
      "f1": 0.0,
      "precision": 0.0,
      "recall": 0.0,
      "support": 22500
    },
    {
      "FN": 595,
      "FNR": 0.004407407407407408,
      "FP": 15845,
      "FPR": 0.012879998569340644,
      "TN": 1214357,
      "TP": 134405,
      "class_id": 4,
      "class_name": "Mirai",
      "f1": 0.9423663453111306,
      "precision": 0.8945424292845258,
      "recall": 0.9955925925925926,
      "support": 135000
    },
    {
      "FN": 157743,
      "FNR": 0.8008681745487777,
      "FP": 1690,
      "FPR": 0.0014466242723009115,
      "TN": 1166547,
      "TP": 39222,
      "class_id": 5,
      "class_name": "Recon",
      "f1": 0.32976706449131277,
      "precision": 0.9586918263590145,
      "recall": 0.1991318254512223,
      "support": 196965
    },
    {
      "FN": 90000,
      "FNR": 1.0,
      "FP": 0,
      "FPR": 0.0,
      "TN": 1275202,
      "TP": 0,
      "class_id": 6,
      "class_name": "Spoofing",
      "f1": 0.0,
      "precision": 0.0,
      "recall": 0.0,
      "support": 90000
    },
    {
      "FN": 2390,
      "FNR": 0.015346385252059561,
      "FP": 207112,
      "FPR": 0.1712426568772143,
      "TN": 1002353,
      "TP": 153347,
      "class_id": 7,
      "class_name": "Web-based",
      "f1": 0.594142535006083,
      "precision": 0.4254214765063433,
      "recall": 0.9846536147479404,
      "support": 155737
    }
  ],
  "per_class": {
    "0": {
      "FN": 22476,
      "FNR": 0.49946666666666667,
      "FP": 41868,
      "FPR": 0.03171332871787802,
      "TN": 1278334,
      "TP": 22524,
      "class_id": 0,
      "class_name": "BruteForce",
      "f1": 0.4118034225537517,
      "precision": 0.3497950055907566,
      "recall": 0.5005333333333334,
      "support": 45000
    },
    "1": {
      "FN": 4890,
      "FNR": 0.009055555555555556,
      "FP": 214079,
      "FPR": 0.25942617686336195,
      "TN": 611123,
      "TP": 535110,
      "class_id": 1,
      "class_name": "DDoS",
      "f1": 0.8301498073595106,
      "precision": 0.7142523448689183,
      "recall": 0.9909444444444444,
      "support": 540000
    },
    "2": {
      "FN": 180000,
      "FNR": 1.0,
      "FP": 0,
      "FPR": 0.0,
      "TN": 1185202,
      "TP": 0,
      "class_id": 2,
      "class_name": "DoS",
      "f1": 0.0,
      "precision": 0.0,
      "recall": 0.0,
      "support": 180000
    },
    "3": {
      "FN": 22500,
      "FNR": 1.0,
      "FP": 0,
      "FPR": 0.0,
      "TN": 1342702,
      "TP": 0,
      "class_id": 3,
      "class_name": "Malware",
      "f1": 0.0,
      "precision": 0.0,
      "recall": 0.0,
      "support": 22500
    },
    "4": {
      "FN": 595,
      "FNR": 0.004407407407407408,
      "FP": 15845,
      "FPR": 0.012879998569340644,
      "TN": 1214357,
      "TP": 134405,
      "class_id": 4,
      "class_name": "Mirai",
      "f1": 0.9423663453111306,