{
  "FN": 360,
  "FNR": 0.21377672209026127,
  "FP": 216,
  "FPR": 0.1641337386018237,
  "TN": 1100,
  "TP": 1324,
  "accuracy": 0.808,
  "f1": 0.8213399503722084,
  "f1_attack": 0.8213399503722084,
  "f1_normal": 0.7925072046109509,
  "macro_f1": 0.8069235774915797,
  "precision": 0.8597402597402597,
  "precision_attack": 0.8597402597402597,
  "precision_normal": 0.7534246575342466,
  "recall": 0.7862232779097387,
  "recall_attack": 0.7862232779097387,
  "recall_normal": 0.8358662613981763,
  "selection_split": "server_validation",
  "support_attack": 1684,
  "support_normal": 1316,
  "support_total": 3000,
  "test_used_for_threshold": false,
  "threshold": 0.5,
  "weighted_f1": 0.8086919858982701
}
