{
  "primary_objective": "f1_attack",
  "primary_threshold": 0.5,
  "primary_validation_metrics": {
    "FN": 360,
    "FNR": 0.21377672209026127,
    "FP": 216,
    "FPR": 0.1641337386018237,
    "TN": 1100,
    "TP": 1324,
    "accuracy": 0.808,
    "f1": 0.8213399503722084,
    "f1_attack": 0.8213399503722084,
    "f1_normal": 0.7925072046109509,
    "macro_f1": 0.8069235774915797,
    "precision": 0.8597402597402597,
    "precision_attack": 0.8597402597402597,
    "precision_normal": 0.7534246575342466,
    "recall": 0.7862232779097387,
    "recall_attack": 0.7862232779097387,
    "recall_normal": 0.8358662613981763,
    "support_attack": 1684,
    "support_normal": 1316,
    "support_total": 3000,
    "threshold": 0.5,
    "weighted_f1": 0.8086919858982701
  },
  "secondary_objective": "recall_attack_with_fpr_control",
  "secondary_threshold": 0.6,
  "secondary_validation_metrics": {
    "FN": 1361,
    "FNR": 0.8081947743467933,
    "FP": 28,
    "FPR": 0.02127659574468085,
    "TN": 1288,
    "TP": 323,
    "accuracy": 0.537,
    "f1": 0.3174447174447175,
    "f1_attack": 0.3174447174447175,
    "f1_normal": 0.6496847414880201,
    "macro_f1": 0.4835647294663688,
    "precision": 0.9202279202279202,
    "precision_attack": 0.9202279202279202,
    "precision_normal": 0.4862212155530389,
    "recall": 0.19180522565320665,
    "recall_attack": 0.19180522565320665,
    "recall_normal": 0.9787234042553191,
    "support_attack": 1684,
    "support_normal": 1316,
    "support_total": 3000,
    "threshold": 0.6,
    "weighted_f1": 0.46318734132504624
  },
  "selection_split": "validation",
  "test_used_for_threshold": false
}
