{
  "accuracy": 0.518,
  "attack": {
    "f1_score": 0.6712141882673942,
    "precision": 0.5245202558635395,
    "recall": 0.9318181818181818,
    "support": 528
  },
  "macro_avg": {
    "f1_score": 0.38429623271047614
  },
  "normal": {
    "f1_score": 0.09737827715355805,
    "precision": 0.41935483870967744,
    "recall": 0.05508474576271186,
    "support": 472
  },
  "weighted_avg": {
    "f1_score": 0.40036363822166354
  }
}
