{
  "p4_macro_f1": 0.961143284995805,
  "p5_macro_f1": 0.9407415103639889,
  "p6_macro_f1": 0.6355288381246096,
  "task": "l1_binary",
  "with_p4": {
    "gap_macro_f1": -0.5768470522853288,
    "p4_accuracy": 0.9611957671957672,
    "p4_macro_f1": 0.961143284995805,
    "p7_accuracy": 0.518,
    "p7_macro_f1": 0.38429623271047614
  },
  "with_p5": {
    "gap_macro_f1": -0.5564452776535127,
    "p5_fpr": 0.06626666666666667,
    "p5_macro_f1": 0.9407415103639889,
    "p7_fpr": 0.9449152542372882,
    "p7_macro_f1": 0.38429623271047614
  },
  "with_p6": {
    "gap_macro_f1": -0.25123260541413345,
    "p6_l2_macro_f1": 0.6355288381246096,
    "p7_macro_f1": 0.38429623271047614
  }
}
