{
  "FN": 36,
  "FNR": 0.06818181818181818,
  "FP": 446,
  "FPR": 0.9449152542372882,
  "TN": 26,
  "TP": 492,
  "accuracy": 0.518,
  "classification_report": {
    "accuracy": 0.518,
    "attack": {
      "f1_score": 0.6712141882673942,
      "precision": 0.5245202558635395,
      "recall": 0.9318181818181818,
      "support": 528
    },
    "macro_avg": {
      "f1_score": 0.38429623271047614
    },
    "normal": {
      "f1_score": 0.09737827715355805,
      "precision": 0.41935483870967744,
      "recall": 0.05508474576271186,
      "support": 472
    },
    "weighted_avg": {
      "f1_score": 0.40036363822166354
    }
  },
  "confusion_matrix": [
    [
      26,
      446
    ],
    [
      36,
      492
    ]
  ],
  "f1": 0.6712141882673942,
  "f1_attack": 0.6712141882673942,
  "f1_normal": 0.09737827715355805,
  "loss": 2.6101019382476807,
  "macro_f1": 0.38429623271047614,
  "one_vs_rest_rows": [
    {
      "FN": 446,
      "FP": 36,
      "TN": 492,
      "TP": 26,
      "class_id": 0,
      "class_name": "normal",
      "f1": 0.09737827715355805,
      "precision": 0.41935483870967744,
      "recall": 0.05508474576271186
    },
    {
      "FN": 36,
      "FP": 446,
      "TN": 26,
      "TP": 492,
      "class_id": 1,
      "class_name": "attack",
      "f1": 0.6712141882673942,
      "precision": 0.5245202558635395,
      "recall": 0.9318181818181818
    }
  ],
  "precision": 0.5245202558635395,
  "precision_attack": 0.5245202558635395,
  "precision_normal": 0.41935483870967744,
  "recall": 0.9318181818181818,
  "recall_attack": 0.9318181818181818,
  "recall_normal": 0.05508474576271186,
  "support_attack": 528,
  "support_normal": 472,
  "support_total": 1000,
  "weighted_f1": 0.40036363822166354
}
