{
  "FN": 103,
  "FNR": 0.07556859867938372,
  "FP": 1546,
  "FPR": 0.9444105070250458,
  "TN": 91,
  "TP": 1260,
  "accuracy": 0.4503333333333333,
  "classification_report": {
    "accuracy": 0.4503333333333333,
    "attack": {
      "f1_score": 0.6044615015591269,
      "precision": 0.44903777619387025,
      "recall": 0.9244314013206163,
      "support": 1363
    },
    "macro_avg": {
      "f1_score": 0.35193036847481196
    },
    "normal": {
      "f1_score": 0.099399235390497,
      "precision": 0.4690721649484536,
      "recall": 0.055589492974954184,
      "support": 1637
    },
    "weighted_avg": {
      "f1_score": 0.3288658583197779
    }
  },
  "confusion_matrix": [
    [
      91,
      1546
    ],
    [
      103,
      1260
    ]
  ],
  "f1": 0.6044615015591269,
  "f1_attack": 0.6044615015591269,
  "f1_normal": 0.099399235390497,
  "loss": 2.318427622318268,
  "macro_f1": 0.35193036847481196,
  "one_vs_rest_rows": [
    {
      "FN": 1546,
      "FP": 103,
      "TN": 1260,
      "TP": 91,
      "class_id": 0,
      "class_name": "normal",
      "f1": 0.099399235390497,
      "precision": 0.4690721649484536,
      "recall": 0.055589492974954184
    },
    {
      "FN": 103,
      "FP": 1546,
      "TN": 91,
      "TP": 1260,
      "class_id": 1,
      "class_name": "attack",
      "f1": 0.6044615015591269,
      "precision": 0.44903777619387025,
      "recall": 0.9244314013206163
    }
  ],
  "precision": 0.44903777619387025,
  "precision_attack": 0.44903777619387025,
  "precision_normal": 0.4690721649484536,
  "recall": 0.9244314013206163,
  "recall_attack": 0.9244314013206163,
  "recall_normal": 0.055589492974954184,
  "support_attack": 1363,
  "support_normal": 1637,
  "support_total": 3000,
  "weighted_f1": 0.3288658583197779
}
