{
  "p4_macro_f1": 0.961143284995805,
  "p5_macro_f1": 0.9534489694929329,
  "p6_macro_f1": 0.6355288381246096,
  "task": "l2_family",
  "with_p4": {
    "gap_macro_f1": -0.28158155112443606,
    "p4_accuracy": 0.9611957671957672,
    "p4_macro_f1": 0.961143284995805,
    "p7_accuracy": 0.8244108572784726,
    "p7_macro_f1": 0.679561733871369
  },
  "with_p5": {
    "gap_macro_f1": -0.2738872356215639,
    "p5_fpr": 0.03782222222222222,
    "p5_macro_f1": 0.9534489694929329,
    "p7_fpr": 0.028417437862729253,
    "p7_macro_f1": 0.679561733871369
  },
  "with_p6": {
    "gap_macro_f1": 0.04403289574675939,
    "p6_l2_macro_f1": 0.6355288381246096,
    "p7_macro_f1": 0.679561733871369
  }
}
