{
  "accuracy": 0.9130899470899471,
  "attack": {
    "f1_score": 0.9222099091675428,
    "precision": 0.8681146240125537,
    "recall": 0.9834949494949495,
    "support": 49500
  },
  "macro_avg": {
    "f1_score": 0.9118787405609233
  },
  "normal": {
    "f1_score": 0.9015475719543039,
    "precision": 0.9787355873090237,
    "recall": 0.8356444444444444,
    "support": 45000
  },
  "weighted_avg": {
    "f1_score": 0.9123707009707623
  }
}