{
  "FN": 817,
  "FNR": 0.016505050505050505,
  "FP": 7396,
  "FPR": 0.16435555555555556,
  "TN": 37604,
  "TP": 48683,
  "accuracy": 0.9130899470899471,
  "f1": 0.9222099091675428,
  "f1_attack": 0.9222099091675428,
  "f1_normal": 0.9015475719543039,
  "loss": 0.2057376697694183,
  "macro_f1": 0.9118787405609233,
  "precision": 0.8681146240125537,
  "precision_attack": 0.8681146240125537,
  "precision_normal": 0.9787355873090237,
  "recall": 0.9834949494949495,
  "recall_attack": 0.9834949494949495,
  "recall_normal": 0.8356444444444444,
  "support_attack": 49500,
  "support_normal": 45000,
  "support_total": 94500,
  "weighted_f1": 0.9123707009707623
}