{
  "accuracy": 0.9453439153439154,
  "attack": {
    "f1_score": 0.9483164056636814,
    "precision": 0.9395261227322296,
    "recall": 0.9572727272727273,
    "support": 49500
  },
  "macro_avg": {
    "f1_score": 0.9451625255175196
  },
  "normal": {
    "f1_score": 0.9420086453713579,
    "precision": 0.9520027232497447,
    "recall": 0.9322222222222222,
    "support": 45000
  },
  "weighted_avg": {
    "f1_score": 0.9453127102863845
  }
}
