{
  "gap_macro_f1_vs_p5": 0.004421015153530661,
  "p5_attack_recall": 0.9474141414141414,
  "p5_fpr": 0.06626666666666667,
  "p5_macro_f1": 0.9407415103639889,
  "p8_attack_recall": 0.9572727272727273,
  "p8_fpr": 0.06777777777777778,
  "p8_macro_f1": 0.9451625255175196
}
