{
  "FN": 2010,
  "FNR": 0.040606060606060604,
  "FP": 3049,
  "FPR": 0.06775555555555555,
  "TN": 41951,
  "TP": 47490,
  "accuracy": 0.9464656084656085,
  "f1": 0.9494297224082607,
  "f1_attack": 0.9494297224082607,
  "f1_normal": 0.9431323838535988,
  "macro_f1": 0.9462810531309298,
  "precision": 0.939670353588318,
  "precision_attack": 0.939670353588318,
  "precision_normal": 0.9542776551943768,
  "recall": 0.9593939393939394,
  "recall_attack": 0.9593939393939394,
  "recall_normal": 0.9322444444444444,
  "selection_split": "server_validation",
  "support_attack": 49500,
  "support_normal": 45000,
  "support_total": 94500,
  "test_used_for_threshold": false,
  "threshold": 0.4,
  "weighted_f1": 0.9464309897631836
}
