{
  "FN": 2115,
  "FNR": 0.042727272727272725,
  "FP": 3050,
  "FPR": 0.06777777777777778,
  "TN": 41950,
  "TP": 47385,
  "accuracy": 0.9453439153439154,
  "classification_report": {
    "accuracy": 0.9453439153439154,
    "attack": {
      "f1_score": 0.9483164056636814,
      "precision": 0.9395261227322296,
      "recall": 0.9572727272727273,
      "support": 49500
    },
    "macro_avg": {
      "f1_score": 0.9451625255175196
    },
    "normal": {
      "f1_score": 0.9420086453713579,
      "precision": 0.9520027232497447,
      "recall": 0.9322222222222222,
      "support": 45000
    },
    "weighted_avg": {
      "f1_score": 0.9453127102863845
    }
  },
  "f1": 0.9483164056636814,
  "f1_attack": 0.9483164056636814,
  "f1_normal": 0.9420086453713579,
  "macro_f1": 0.9451625255175196,
  "model_size_bytes": 38664,
  "num_parameters": 9666,
  "pr_auc": 0.9907681561335047,
  "precision": 0.9395261227322296,
  "precision_attack": 0.9395261227322296,
  "precision_normal": 0.9520027232497447,
  "recall": 0.9572727272727273,
  "recall_attack": 0.9572727272727273,
  "recall_normal": 0.9322222222222222,
  "roc_auc": 0.9882981773288441,
  "roc_pr_warning": null,
  "support_attack": 49500,
  "support_normal": 45000,
  "support_total": 94500,
  "threshold": 0.4,
  "weighted_f1": 0.9453127102863845
}
