{
  "primary_objective": "f1_attack",
  "primary_threshold": 0.4,
  "primary_validation_metrics": {
    "FN": 2010,
    "FNR": 0.040606060606060604,
    "FP": 3049,
    "FPR": 0.06775555555555555,
    "TN": 41951,
    "TP": 47490,
    "accuracy": 0.9464656084656085,
    "f1": 0.9494297224082607,
    "f1_attack": 0.9494297224082607,
    "f1_normal": 0.9431323838535988,
    "macro_f1": 0.9462810531309298,
    "precision": 0.939670353588318,
    "precision_attack": 0.939670353588318,
    "precision_normal": 0.9542776551943768,
    "recall": 0.9593939393939394,
    "recall_attack": 0.9593939393939394,
    "recall_normal": 0.9322444444444444,
    "support_attack": 49500,
    "support_normal": 45000,
    "support_total": 94500,
    "threshold": 0.4,
    "weighted_f1": 0.9464309897631836
  },
  "secondary_objective": "recall_attack_with_fpr_control",
  "secondary_threshold": 0.5,
  "secondary_validation_metrics": {
    "FN": 3436,
    "FNR": 0.06941414141414141,
    "FP": 1811,
    "FPR": 0.040244444444444444,
    "TN": 43189,
    "TP": 46064,
    "accuracy": 0.9444761904761905,
    "f1": 0.9461155327342747,
    "f1_attack": 0.9461155327342747,
    "f1_normal": 0.9427339699863575,
    "macro_f1": 0.9444247513603161,
    "precision": 0.9621723237597911,
    "precision_attack": 0.9621723237597911,
    "precision_normal": 0.9263056300268097,
    "recall": 0.9305858585858586,
    "recall_attack": 0.9305858585858586,
    "recall_normal": 0.9597555555555556,
    "support_attack": 49500,
    "support_normal": 45000,
    "support_total": 94500,
    "threshold": 0.5,
    "weighted_f1": 0.944505264759076
  },
  "selection_split": "validation",
  "test_used_for_threshold": false
}
