{
  "accuracy": 0.9274920634920635,
  "attack": {
    "f1_score": 0.9278782392690988,
    "precision": 0.9685975475761438,
    "recall": 0.8904444444444445,
    "support": 49500
  },
  "macro_avg": {
    "f1_score": 0.927489984583376
  },
  "normal": {
    "f1_score": 0.927101729897653,
    "precision": 0.8893129770992366,
    "recall": 0.9682444444444445,
    "support": 45000
  },
  "weighted_avg": {
    "f1_score": 0.9275084729017438
  }
}
