{
  "p4_macro_f1": 0.961143284995805,
  "p5_macro_f1": 0.9470466508371085,
  "p6_macro_f1": 0.6355288381246096,
  "task": "l1_binary",
  "with_p4": {
    "gap_macro_f1": -0.03365330041242909,
    "p4_accuracy": 0.9611957671957672,
    "p4_macro_f1": 0.961143284995805,
    "p7_accuracy": 0.9274920634920635,
    "p7_macro_f1": 0.927489984583376
  },
  "with_p5": {
    "gap_macro_f1": -0.019556666253732535,
    "p5_fpr": 0.047733333333333336,
    "p5_macro_f1": 0.9470466508371085,
    "p7_fpr": 0.03175555555555556,
    "p7_macro_f1": 0.927489984583376
  },
  "with_p6": {
    "gap_macro_f1": 0.29196114645876636,
    "p6_l2_macro_f1": 0.6355288381246096,
    "p7_macro_f1": 0.927489984583376
  }
}
