{
  "FN": 5328,
  "FNR": 0.10763636363636364,
  "FP": 1385,
  "FPR": 0.03077777777777778,
  "TN": 43615,
  "TP": 44172,
  "accuracy": 0.928962962962963,
  "classification_report": {
    "accuracy": 0.928962962962963,
    "attack": {
      "f1_score": 0.9293792145765173,
      "precision": 0.9695985249248195,
      "recall": 0.8923636363636364,
      "support": 49500
    },
    "macro_avg": {
      "f1_score": 0.9289604949541836
    },
    "normal": {
      "f1_score": 0.9285417753318501,
      "precision": 0.8911386715158449,
      "recall": 0.9692222222222222,
      "support": 45000
    },
    "weighted_avg": {
      "f1_score": 0.9289804339838186
    }
  },
  "confusion_matrix": [
    [
      43615,
      1385
    ],
    [
      5328,
      44172
    ]
  ],
  "f1": 0.9293792145765173,
  "f1_attack": 0.9293792145765173,
  "f1_normal": 0.9285417753318501,
  "loss": 0.19038051081464646,
  "macro_f1": 0.9289604949541836,
  "one_vs_rest_rows": [
    {
      "FN": 1385,
      "FP": 5328,
      "TN": 44172,
      "TP": 43615,
      "class_id": 0,
      "class_name": "normal",
      "f1": 0.9285417753318501,
      "precision": 0.8911386715158449,
      "recall": 0.9692222222222222
    },
    {
      "FN": 5328,
      "FP": 1385,
      "TN": 43615,
      "TP": 44172,
      "class_id": 1,
      "class_name": "attack",
      "f1": 0.9293792145765173,
      "precision": 0.9695985249248195,
      "recall": 0.8923636363636364
    }
  ],
  "precision": 0.9695985249248195,
  "precision_attack": 0.9695985249248195,
  "precision_normal": 0.8911386715158449,
  "recall": 0.8923636363636364,
  "recall_attack": 0.8923636363636364,
  "recall_normal": 0.9692222222222222,
  "support_attack": 49500,
  "support_normal": 45000,
  "support_total": 94500,
  "weighted_f1": 0.9289804339838186
}
