{
  "FN": 5423,
  "FNR": 0.10955555555555556,
  "FP": 1429,
  "FPR": 0.03175555555555556,
  "TN": 43571,
  "TP": 44077,
  "accuracy": 0.9274920634920635,
  "classification_report": {
    "accuracy": 0.9274920634920635,
    "attack": {
      "f1_score": 0.9278782392690988,
      "precision": 0.9685975475761438,
      "recall": 0.8904444444444445,
      "support": 49500
    },
    "macro_avg": {
      "f1_score": 0.927489984583376
    },
    "normal": {
      "f1_score": 0.927101729897653,
      "precision": 0.8893129770992366,
      "recall": 0.9682444444444445,
      "support": 45000
    },
    "weighted_avg": {
      "f1_score": 0.9275084729017438
    }
  },
  "confusion_matrix": [
    [
      43571,
      1429
    ],
    [
      5423,
      44077
    ]
  ],
  "f1": 0.9278782392690988,
  "f1_attack": 0.9278782392690988,
  "f1_normal": 0.927101729897653,
  "loss": 0.19174695649045578,
  "macro_f1": 0.927489984583376,
  "one_vs_rest_rows": [
    {
      "FN": 1429,
      "FP": 5423,
      "TN": 44077,
      "TP": 43571,
      "class_id": 0,
      "class_name": "normal",
      "f1": 0.927101729897653,
      "precision": 0.8893129770992366,
      "recall": 0.9682444444444445
    },
    {
      "FN": 5423,
      "FP": 1429,
      "TN": 43571,
      "TP": 44077,
      "class_id": 1,
      "class_name": "attack",
      "f1": 0.9278782392690988,
      "precision": 0.9685975475761438,
      "recall": 0.8904444444444445
    }
  ],
  "precision": 0.9685975475761438,
  "precision_attack": 0.9685975475761438,
  "precision_normal": 0.8893129770992366,
  "recall": 0.8904444444444445,
  "recall_attack": 0.8904444444444445,
  "recall_normal": 0.9682444444444445,
  "support_attack": 49500,
  "support_normal": 45000,
  "support_total": 94500,
  "weighted_f1": 0.9275084729017438
}
