{
  "FN": 3126,
  "FNR": 0.06315151515151515,
  "FP": 2620,
  "FPR": 0.058222222222222224,
  "TN": 42380,
  "TP": 46374,
  "accuracy": 0.9391957671957673,
  "attack_recall": 0.9368484848484848,
  "f1_attack": 0.941661421000264,
  "loss": 0.2022305813169984,
  "macro_f1": 0.939086958704671,
  "precision_attack": 0.946524064171123,
  "recall_attack": 0.9368484848484848,
  "robustness_score": 0.7389535803624364,
  "weighted_f1": 0.9392095521473183
}