{
  "p4_macro_f1": 0.961143284995805,
  "p5_macro_f1": 0.9516487417379319,
  "p6_macro_f1": 0.6355288381246096,
  "task": "l2_family",
  "with_p4": {
    "gap_macro_f1": -0.2785147142157516,
    "p4_accuracy": 0.9611957671957672,
    "p4_macro_f1": 0.961143284995805,
    "p7_accuracy": 0.8363138402758855,
    "p7_macro_f1": 0.6826285707800535
  },
  "with_p5": {
    "gap_macro_f1": -0.26902017095787845,
    "p5_fpr": 0.03253333333333333,
    "p5_macro_f1": 0.9516487417379319,
    "p7_fpr": 0.02723738025818829,
    "p7_macro_f1": 0.6826285707800535
  },
  "with_p6": {
    "gap_macro_f1": 0.04709973265544387,
    "p6_l2_macro_f1": 0.6355288381246096,
    "p7_macro_f1": 0.6826285707800535
  }
}
