{
  "FNR_macro": 0.28306546314374753,
  "FPR_macro": 0.03315290592405682,
  "accuracy": 0.7555555881107704,
  "class_names": [
    "0",
    "1",
    "2",
    "3",
    "4",
    "5",
    "6",
    "7"
  ],
  "confusion_matrix": [
    [
      22527,
      79,
      60,
      11727,
      0,
      2330,
      1612,
      6665
    ],
    [
      797,
      451520,
      76513,
      305,
      1076,
      8881,
      420,
      488
    ],
    [
      48,
      1634,
      176915,
      40,
      35,
      1254,
      20,
      54
    ],
    [
      374,
      15,
      33,
      18008,
      0,
      339,
      454,
      3277
    ],
    [
      19,
      584,
      1324,
      8,
      132789,
      138,
      127,
      11
    ],
    [
      29149,
      2350,
      1305,
      25621,
      22,
      108659,
      12548,
      17311
    ],
    [
      5039,
      62,
      68,
      12298,
      68,
      4371,
      64570,
      3524
    ],
    [
      8781,
      169,
      202,
      77325,
      121,
      3963,
      8678,
      56498
    ]
  ],
  "loss": 0.5178118336951357,
  "macro_f1": 0.6467762829907682,
  "per_class": {
    "0": {
      "FN": 22473,
      "FNR": 0.4994,
      "FP": 44207,
      "FPR": 0.033485027291278155,
      "TN": 1275995,
      "TP": 22527,
      "class_id": 0,
      "class_name": "0",
      "f1": 0.40322551774750753,
      "precision": 0.3375640602990979,
      "recall": 0.5006,
      "support": 45000
    },
    "1": {
      "FN": 88480,
      "FNR": 0.16385185185185186,
      "FP": 4893,
      "FPR": 0.00592945727228,
      "TN": 820309,
      "TP": 451520,
      "class_id": 1,
      "class_name": "1",
      "f1": 0.9062908653339529,
      "precision": 0.9892794464662488,
      "recall": 0.8361481481481482,
      "support": 540000
    },
    "2": {
      "FN": 3085,
      "FNR": 0.017138888888888888,
      "FP": 79505,
      "FPR": 0.06708139203275054,
      "TN": 1105697,
      "TP": 176915,
      "class_id": 2,
      "class_name": "2",
      "f1": 0.8107556940561844,
      "precision": 0.6899422821932767,
      "recall": 0.9828611111111111,
      "support": 180000
    },
    "3": {
      "FN": 4492,
      "FNR": 0.19964444444444446,
      "FP": 127324,
      "FPR": 0.09482670019110719,
      "TN": 1215378,
      "TP": 18008,
      "class_id": 3,
      "class_name": "3",
      "f1": 0.21459554792888125,
      "precision": 0.12390939366416205,
      "recall": 0.8003555555555556,
      "support": 22500
    },
    "4": {
      "FN": 2211,
      "FNR": 0.01637777777777778,
      "FP": 1322,
      "FPR": 0.0010746202656149154,
      "TN": 1228880,
      "TP": 132789,
      "class_id": 4,
      "class_name": "4",
      "f1": 0.9868715883037111,
      "precision": 0.9901424939043032,
      "recall": 0.9836222222222222,
      "support": 135000
    },
    "5": {
      "FN": 88306,
      "FNR": 0.44833346025943693,
      "FP": 21276,
      "FPR": 0.018212057998505442,
      "TN": 1146961,
      "TP": 108659,
      "class_id": 5,
      "class_name": "5",
      "f1": 0.6647843377179565,
      "precision": 0.8362565898333782,
      "recall": 0.551666539740563,
      "support": 196965
    },
    "6": {
      "FN": 25430,
      "FNR": 0.28255555555555556,
      "FP": 23859,
      "FPR": 0.018709976929145344,
      "TN": 1251343,
      "TP": 64570,
      "class_id": 6,
      "class_name": "6",
      "f1": 0.7237612719905396,
      "precision": 0.7301903221793755,
      "recall": 0.7174444444444444,
      "support": 90000
    },
    "7": {
      "FN": 99239,
      "FNR": 0.6372217263720247,
      "FP": 31330,
      "FPR": 0.025904015411772972,
      "TN": 1178135,
      "TP": 56498,
      "class_id": 7,
      "class_name": "7",
      "f1": 0.4639254408474124,
      "precision": 0.6432800473653049,
      "recall": 0.3627782736279754,
      "support": 155737
    }
  },
  "precision_macro": 0.6675705794881435,
  "recall_macro": 0.7169345368562525,
  "support_total": 1365202,
  "weighted_f1": 0.7763411002163093
}
