{
  "FNR_macro": 0.2827708476655747,
  "FPR_macro": 0.03316218834949124,
  "accuracy": 0.7555178566719699,
  "class_names": [
    "0",
    "1",
    "2",
    "3",
    "4",
    "5",
    "6",
    "7"
  ],
  "confusion_matrix": [
    [
      22335,
      99,
      61,
      11831,
      0,
      2219,
      1708,
      6747
    ],
    [
      832,
      451466,
      76293,
      317,
      1113,
      9091,
      413,
      475
    ],
    [
      59,
      1718,
      176768,
      37,
      60,
      1279,
      16,
      63
    ],
    [
      361,
      14,
      26,
      18146,
      0,
      311,
      438,
      3204
    ],
    [
      15,
      582,
      1291,
      12,
      132832,
      129,
      122,
      17
    ],
    [
      29220,
      2285,
      1345,
      25503,
      32,
      108560,
      12726,
      17295
    ],
    [
      5107,
      54,
      69,
      12143,
      85,
      4284,
      64553,
      3705
    ],
    [
      8740,
      187,
      210,
      76985,
      78,
      3987,
      8775,
      56776
    ]
  ],
  "loss": 0.5181970696846049,
  "macro_f1": 0.646557348155891,
  "per_class": {
    "0": {
      "FN": 22665,
      "FNR": 0.5036666666666667,
      "FP": 44334,
      "FPR": 0.03358117381859167,
      "TN": 1275870,
      "TP": 22335,
      "class_id": 0,
      "class_name": "0",
      "f1": 0.4000214920882251,
      "precision": 0.33501327453539126,
      "recall": 0.49633333333333335,
      "support": 45000
    },
    "1": {
      "FN": 88534,
      "FNR": 0.16395185185185185,
      "FP": 4939,
      "FPR": 0.005985186693229796,
      "TN": 820265,
      "TP": 451466,
      "class_id": 1,
      "class_name": "1",
      "f1": 0.9061897521590117,
      "precision": 0.9891784708756477,
      "recall": 0.8360481481481481,
      "support": 540000
    },
    "2": {
      "FN": 3232,
      "FNR": 0.017955555555555554,
      "FP": 79295,
      "FPR": 0.06690409414750541,
      "TN": 1105909,
      "TP": 176768,
      "class_id": 2,
      "class_name": "2",
      "f1": 0.8107452363534629,
      "precision": 0.6903301140734898,
      "recall": 0.9820444444444445,
      "support": 180000
    },
    "3": {
      "FN": 4354,
      "FNR": 0.1935111111111111,
      "FP": 126828,
      "FPR": 0.0944571551138598,
      "TN": 1215876,
      "TP": 18146,
      "class_id": 3,
      "class_name": "3",
      "f1": 0.2167022940874404,
      "precision": 0.12516727137279787,
      "recall": 0.8064888888888889,
      "support": 22500
    },
    "4": {
      "FN": 2168,
      "FNR": 0.01605925925925926,
      "FP": 1368,
      "FPR": 0.0011120106909098004,
      "TN": 1228836,
      "TP": 132832,
      "class_id": 4,
      "class_name": "4",
      "f1": 0.9868647845468054,
      "precision": 0.989806259314456,
      "recall": 0.9839407407407408,
      "support": 135000
    },
    "5": {
      "FN": 88406,
      "FNR": 0.44883888589908916,
      "FP": 21300,
      "FPR": 0.01823258616822942,
      "TN": 1146938,
      "TP": 108560,
      "class_id": 5,
      "class_name": "5",
      "f1": 0.664329031350015,
      "precision": 0.8359772062220853,
      "recall": 0.5511611141009108,
      "support": 196966
    },
    "6": {
      "FN": 25447,
      "FNR": 0.28274444444444446,
      "FP": 24198,
      "FPR": 0.018975787403427216,
      "TN": 1251006,
      "TP": 64553,
      "class_id": 6,
      "class_name": "6",
      "f1": 0.7222672880151718,
      "precision": 0.7273495509909748,
      "recall": 0.7172555555555555,
      "support": 90000
    },
    "7": {
      "FN": 98962,
      "FNR": 0.6354390065366192,
      "FP": 31506,
      "FPR": 0.026049512760176804,
      "TN": 1177960,
      "TP": 56776,
      "class_id": 7,
      "class_name": "7",
      "f1": 0.46533890664699623,
      "precision": 0.6431209079993657,
      "recall": 0.36456099346338083,
      "support": 155738
    }
  },
  "precision_macro": 0.666992881923026,
  "recall_macro": 0.7172291523344254,
  "support_total": 1365204,
  "weighted_f1": 0.7762249172562404
}
