{
  "FN": 19,
  "FNR": 0.013939838591342627,
  "FP": 1588,
  "FPR": 0.9700671960904093,
  "TN": 49,
  "TP": 1344,
  "accuracy": 0.4643333333333333,
  "f1": 0.6258440046565774,
  "f1_attack": 0.6258440046565774,
  "f1_normal": 0.05747800586510264,
  "macro_f1": 0.34166100526084003,
  "precision": 0.4583901773533424,
  "precision_attack": 0.4583901773533424,
  "precision_normal": 0.7205882352941176,
  "recall": 0.9860601614086574,
  "recall_attack": 0.9860601614086574,
  "recall_normal": 0.029932803909590716,
  "selection_split": "server_validation",
  "support_attack": 1363,
  "support_normal": 1637,
  "support_total": 3000,
  "test_used_for_threshold": false,
  "threshold": 0.5,
  "weighted_f1": 0.3157056246493627
}
