{
  "primary_objective": "f1_attack",
  "primary_threshold": 0.5,
  "primary_validation_metrics": {
    "FN": 19,
    "FNR": 0.013939838591342627,
    "FP": 1588,
    "FPR": 0.9700671960904093,
    "TN": 49,
    "TP": 1344,
    "accuracy": 0.4643333333333333,
    "f1": 0.6258440046565774,
    "f1_attack": 0.6258440046565774,
    "f1_normal": 0.05747800586510264,
    "macro_f1": 0.34166100526084003,
    "precision": 0.4583901773533424,
    "precision_attack": 0.4583901773533424,
    "precision_normal": 0.7205882352941176,
    "recall": 0.9860601614086574,
    "recall_attack": 0.9860601614086574,
    "recall_normal": 0.029932803909590716,
    "support_attack": 1363,
    "support_normal": 1637,
    "support_total": 3000,
    "threshold": 0.5,
    "weighted_f1": 0.3157056246493627
  },
  "secondary_objective": "recall_attack_with_fpr_control",
  "secondary_threshold": 0.65,
  "secondary_validation_metrics": {
    "FN": 1276,
    "FNR": 0.9361702127659575,
    "FP": 52,
    "FPR": 0.03176542455711668,
    "TN": 1585,
    "TP": 87,
    "accuracy": 0.5573333333333333,
    "f1": 0.11584553928095873,
    "f1_attack": 0.11584553928095873,
    "f1_normal": 0.7047576700755891,
    "macro_f1": 0.4103016046782739,
    "precision": 0.6258992805755396,
    "precision_attack": 0.6258992805755396,
    "precision_normal": 0.5540020971688221,
    "recall": 0.06382978723404255,
    "recall_attack": 0.06382978723404255,
    "recall_normal": 0.9682345754428833,
    "support_attack": 1363,
    "support_normal": 1637,
    "support_total": 3000,
    "threshold": 0.65,
    "weighted_f1": 0.4371952586512287
  },
  "selection_split": "validation",
  "test_used_for_threshold": false
}
