{
  "FN": 4033,
  "FNR": 0.08147474747474748,
  "FP": 2155,
  "FPR": 0.04788888888888889,
  "TN": 42845,
  "TP": 45467,
  "accuracy": 0.9345185185185185,
  "attack_recall": 0.9185252525252525,
  "f1_attack": 0.9362863202981816,
  "loss": 0.22299708114288472,
  "macro_f1": 0.9344680692677046,
  "precision_attack": 0.9547478056360506,
  "recall_attack": 0.9185252525252525,
  "robustness_score": 0.7332138326136503,
  "weighted_f1": 0.9345546526501084
}