{
  "accuracy": 0.7825396825396825,
  "attack": {
    "f1_score": 0.7382232299814018,
    "precision": 0.9991035101027516,
    "recall": 0.5853737373737373,
    "support": 49500
  },
  "macro_avg": {
    "f1_score": 0.7761235066086487
  },
  "normal": {
    "f1_score": 0.8140237832358956,
    "precision": 0.686646920516657,
    "recall": 0.9994222222222222,
    "support": 45000
  },
  "weighted_avg": {
    "f1_score": 0.7743187315311608
  }
}
