{
  "p4_macro_f1": 0.961143284995805,
  "p5_macro_f1": 0.901261823773277,
  "p6_macro_f1": 0.6355288381246096,
  "task": "l1_binary",
  "with_p4": {
    "gap_macro_f1": -0.18501977838715633,
    "p4_accuracy": 0.9611957671957672,
    "p4_macro_f1": 0.961143284995805,
    "p7_accuracy": 0.7825396825396825,
    "p7_macro_f1": 0.7761235066086487
  },
  "with_p5": {
    "gap_macro_f1": -0.1251383171646283,
    "p5_fpr": 0.06806666666666666,
    "p5_macro_f1": 0.901261823773277,
    "p7_fpr": 0.0005777777777777778,
    "p7_macro_f1": 0.7761235066086487
  },
  "with_p6": {
    "gap_macro_f1": 0.14059466848403912,
    "p6_l2_macro_f1": 0.6355288381246096,
    "p7_macro_f1": 0.7761235066086487
  }
}
