{
  "FN": 20506,
  "FNR": 0.4142626262626263,
  "FP": 32,
  "FPR": 0.0007111111111111111,
  "TN": 44968,
  "TP": 28994,
  "accuracy": 0.7826666666666666,
  "classification_report": {
    "accuracy": 0.7826666666666666,
    "attack": {
      "f1_score": 0.7384560527723302,
      "precision": 0.9988975401364294,
      "recall": 0.5857373737373738,
      "support": 49500
    },
    "macro_avg": {
      "f1_score": 0.7762740281603382
    },
    "normal": {
      "f1_score": 0.8140920035483463,
      "precision": 0.6868069768152244,
      "recall": 0.9992888888888889,
      "support": 45000
    },
    "weighted_avg": {
      "f1_score": 0.7744731721894808
    }
  },
  "confusion_matrix": [
    [
      44968,
      32
    ],
    [
      20506,
      28994
    ]
  ],
  "f1": 0.7384560527723302,
  "f1_attack": 0.7384560527723302,
  "f1_normal": 0.8140920035483463,
  "loss": 1.0262588833240753,
  "macro_f1": 0.7762740281603382,
  "one_vs_rest_rows": [
    {
      "FN": 32,
      "FP": 20506,
      "TN": 28994,
      "TP": 44968,
      "class_id": 0,
      "class_name": "normal",
      "f1": 0.8140920035483463,
      "precision": 0.6868069768152244,
      "recall": 0.9992888888888889
    },
    {
      "FN": 20506,
      "FP": 32,
      "TN": 44968,
      "TP": 28994,
      "class_id": 1,
      "class_name": "attack",
      "f1": 0.7384560527723302,
      "precision": 0.9988975401364294,
      "recall": 0.5857373737373738
    }
  ],
  "precision": 0.9988975401364294,
  "precision_attack": 0.9988975401364294,
  "precision_normal": 0.6868069768152244,
  "recall": 0.5857373737373738,
  "recall_attack": 0.5857373737373738,
  "recall_normal": 0.9992888888888889,
  "support_attack": 49500,
  "support_normal": 45000,
  "support_total": 94500,
  "weighted_f1": 0.7744731721894808
}
