{
  "FN": 20524,
  "FNR": 0.4146262626262626,
  "FP": 26,
  "FPR": 0.0005777777777777778,
  "TN": 44974,
  "TP": 28976,
  "accuracy": 0.7825396825396825,
  "classification_report": {
    "accuracy": 0.7825396825396825,
    "attack": {
      "f1_score": 0.7382232299814018,
      "precision": 0.9991035101027516,
      "recall": 0.5853737373737373,
      "support": 49500
    },
    "macro_avg": {
      "f1_score": 0.7761235066086487
    },
    "normal": {
      "f1_score": 0.8140237832358956,
      "precision": 0.686646920516657,
      "recall": 0.9994222222222222,
      "support": 45000
    },
    "weighted_avg": {
      "f1_score": 0.7743187315311608
    }
  },
  "confusion_matrix": [
    [
      44974,
      26
    ],
    [
      20524,
      28976
    ]
  ],
  "f1": 0.7382232299814018,
  "f1_attack": 0.7382232299814018,
  "f1_normal": 0.8140237832358956,
  "loss": 1.0374050051607984,
  "macro_f1": 0.7761235066086487,
  "one_vs_rest_rows": [
    {
      "FN": 26,
      "FP": 20524,
      "TN": 28976,
      "TP": 44974,
      "class_id": 0,
      "class_name": "normal",
      "f1": 0.8140237832358956,
      "precision": 0.686646920516657,
      "recall": 0.9994222222222222
    },
    {
      "FN": 20524,
      "FP": 26,
      "TN": 44974,
      "TP": 28976,
      "class_id": 1,
      "class_name": "attack",
      "f1": 0.7382232299814018,
      "precision": 0.9991035101027516,
      "recall": 0.5853737373737373
    }
  ],
  "precision": 0.9991035101027516,
  "precision_attack": 0.9991035101027516,
  "precision_normal": 0.686646920516657,
  "recall": 0.5853737373737373,
  "recall_attack": 0.5853737373737373,
  "recall_normal": 0.9994222222222222,
  "support_attack": 49500,
  "support_normal": 45000,
  "support_total": 94500,
  "weighted_f1": 0.7743187315311608
}
