{
  "FN": 73,
  "FNR": 0.146,
  "FP": 357,
  "FPR": 0.714,
  "TN": 143,
  "TP": 427,
  "accuracy": 0.57,
  "f1": 0.6651090342679128,
  "f1_attack": 0.6651090342679128,
  "f1_normal": 0.3994413407821229,
  "loss": 0.6613260879516601,
  "macro_f1": 0.5322751875250178,
  "precision": 0.5446428571428571,
  "precision_attack": 0.5446428571428571,
  "precision_normal": 0.6620370370370371,
  "recall": 0.854,
  "recall_attack": 0.854,
  "recall_normal": 0.286,
  "support_attack": 500,
  "support_normal": 500,
  "support_total": 1000,
  "weighted_f1": 0.5322751875250178
}