{
  "p4_macro_f1": 0.961143284995805,
  "p5_macro_f1": 0.9161963409191065,
  "p6_macro_f1": 0.6355288381246096,
  "task": "l2_family",
  "with_p4": {
    "gap_macro_f1": -0.5207439089244565,
    "p4_accuracy": 0.9611957671957672,
    "p4_macro_f1": 0.961143284995805,
    "p7_accuracy": 0.6908820952766034,
    "p7_macro_f1": 0.4403993760713485
  },
  "with_p5": {
    "gap_macro_f1": -0.475796964847758,
    "p5_fpr": 0.04586666666666667,
    "p5_macro_f1": 0.9161963409191065,
    "p7_fpr": 0.04926223917805811,
    "p7_macro_f1": 0.4403993760713485
  },
  "with_p6": {
    "gap_macro_f1": -0.1951294620532611,
    "p6_l2_macro_f1": 0.6355288381246096,
    "p7_macro_f1": 0.4403993760713485
  }
}
