{
  "FN": 61,
  "FNR": 0.04146838885112169,
  "FP": 607,
  "FPR": 0.8525280898876404,
  "TN": 105,
  "TP": 1410,
  "accuracy": 0.6939990838295923,
  "f1": 0.8084862385321101,
  "f1_attack": 0.8084862385321101,
  "f1_normal": 0.23917995444191348,
  "macro_f1": 0.5238330964870118,
  "precision": 0.6990580069410015,
  "precision_attack": 0.6990580069410015,
  "precision_normal": 0.6325301204819277,
  "recall": 0.9585316111488783,
  "recall_attack": 0.9585316111488783,
  "recall_normal": 0.14747191011235955,
  "selection_split": "server_validation",
  "support_attack": 1471,
  "support_normal": 712,
  "support_total": 2183,
  "test_used_for_threshold": false,
  "threshold": 0.5,
  "weighted_f1": 0.6228031994701678
}
