{
  "primary_objective": "f1_attack",
  "primary_threshold": 0.5,
  "primary_validation_metrics": {
    "FN": 61,
    "FNR": 0.04146838885112169,
    "FP": 607,
    "FPR": 0.8525280898876404,
    "TN": 105,
    "TP": 1410,
    "accuracy": 0.6939990838295923,
    "f1": 0.8084862385321101,
    "f1_attack": 0.8084862385321101,
    "f1_normal": 0.23917995444191348,
    "macro_f1": 0.5238330964870118,
    "precision": 0.6990580069410015,
    "precision_attack": 0.6990580069410015,
    "precision_normal": 0.6325301204819277,
    "recall": 0.9585316111488783,
    "recall_attack": 0.9585316111488783,
    "recall_normal": 0.14747191011235955,
    "support_attack": 1471,
    "support_normal": 712,
    "support_total": 2183,
    "threshold": 0.5,
    "weighted_f1": 0.6228031994701678
  },
  "secondary_objective": "recall_attack_with_fpr_control",
  "secondary_threshold": 0.55,
  "secondary_validation_metrics": {
    "FN": 1157,
    "FNR": 0.7865397688647179,
    "FP": 22,
    "FPR": 0.03089887640449438,
    "TN": 690,
    "TP": 314,
    "accuracy": 0.45991754466330736,
    "f1": 0.3475373547315993,
    "f1_attack": 0.3475373547315993,
    "f1_normal": 0.5392731535756154,
    "macro_f1": 0.4434052541536074,
    "precision": 0.9345238095238095,
    "precision_attack": 0.9345238095238095,
    "precision_normal": 0.37357877639415266,
    "recall": 0.21346023113528212,
    "recall_attack": 0.21346023113528212,
    "recall_normal": 0.9691011235955056,
    "support_attack": 1471,
    "support_normal": 712,
    "support_total": 2183,
    "threshold": 0.55,
    "weighted_f1": 0.4100732634704631
  },
  "selection_split": "validation",
  "test_used_for_threshold": false
}
