{
  "FN": 178,
  "FNR": 0.10570071258907364,
  "FP": 308,
  "FPR": 0.23404255319148937,
  "TN": 1008,
  "TP": 1506,
  "accuracy": 0.838,
  "f1": 0.8610634648370499,
  "f1_attack": 0.8610634648370499,
  "f1_normal": 0.8057553956834532,
  "macro_f1": 0.8334094302602515,
  "precision": 0.8302094818081588,
  "precision_attack": 0.8302094818081588,
  "precision_normal": 0.8499156829679595,
  "recall": 0.8942992874109263,
  "recall_attack": 0.8942992874109263,
  "recall_normal": 0.7659574468085106,
  "selection_split": "server_validation",
  "support_attack": 1684,
  "support_normal": 1316,
  "support_total": 3000,
  "test_used_for_threshold": false,
  "threshold": 0.5,
  "weighted_f1": 0.8368016585016721
}
