{
  "primary_objective": "f1_attack",
  "primary_threshold": 0.5,
  "primary_validation_metrics": {
    "FN": 178,
    "FNR": 0.10570071258907364,
    "FP": 308,
    "FPR": 0.23404255319148937,
    "TN": 1008,
    "TP": 1506,
    "accuracy": 0.838,
    "f1": 0.8610634648370499,
    "f1_attack": 0.8610634648370499,
    "f1_normal": 0.8057553956834532,
    "macro_f1": 0.8334094302602515,
    "precision": 0.8302094818081588,
    "precision_attack": 0.8302094818081588,
    "precision_normal": 0.8499156829679595,
    "recall": 0.8942992874109263,
    "recall_attack": 0.8942992874109263,
    "recall_normal": 0.7659574468085106,
    "support_attack": 1684,
    "support_normal": 1316,
    "support_total": 3000,
    "threshold": 0.5,
    "weighted_f1": 0.8368016585016721
  },
  "secondary_objective": "recall_attack_with_fpr_control",
  "secondary_threshold": 0.6,
  "secondary_validation_metrics": {
    "FN": 1106,
    "FNR": 0.6567695961995249,
    "FP": 48,
    "FPR": 0.0364741641337386,
    "TN": 1268,
    "TP": 578,
    "accuracy": 0.6153333333333333,
    "f1": 0.5004329004329003,
    "f1_attack": 0.5004329004329003,
    "f1_normal": 0.6872628726287263,
    "macro_f1": 0.5938478865308133,
    "precision": 0.9233226837060703,
    "precision_attack": 0.9233226837060703,
    "precision_normal": 0.5341196293176074,
    "recall": 0.34323040380047504,
    "recall_attack": 0.34323040380047504,
    "recall_normal": 0.9635258358662614,
    "support_attack": 1684,
    "support_normal": 1316,
    "support_total": 3000,
    "threshold": 0.6,
    "weighted_f1": 0.5823889815694693
  },
  "selection_split": "validation",
  "test_used_for_threshold": false
}
