{
  "FN": 109,
  "FNR": 0.218,
  "FP": 181,
  "FPR": 0.362,
  "TN": 319,
  "TP": 391,
  "accuracy": 0.71,
  "f1": 0.7294776119402985,
  "f1_attack": 0.7294776119402985,
  "f1_normal": 0.6875,
  "loss": 0.6243721818923951,
  "macro_f1": 0.7084888059701493,
  "precision": 0.6835664335664335,
  "precision_attack": 0.6835664335664335,
  "precision_normal": 0.7453271028037384,
  "recall": 0.782,
  "recall_attack": 0.782,
  "recall_normal": 0.638,
  "support_attack": 500,
  "support_normal": 500,
  "support_total": 1000,
  "weighted_f1": 0.7084888059701493
}