{
  "accuracy": 0.47619047619047616,
  "attack": {
    "f1_score": 0.0,
    "precision": 0.0,
    "recall": 0.0,
    "support": 49500
  },
  "macro_avg": {
    "f1_score": 0.3225806451612903
  },
  "normal": {
    "f1_score": 0.6451612903225806,
    "precision": 0.47619047619047616,
    "recall": 1.0,
    "support": 45000
  },
  "weighted_avg": {
    "f1_score": 0.30721966205837176
  }
}
