{
  "p4_macro_f1": 0.961143284995805,
  "p5_macro_f1": 0.8084800014934286,
  "p6_macro_f1": 0.6355288381246096,
  "task": "l1_binary",
  "with_p4": {
    "gap_macro_f1": -0.6385626398345148,
    "p4_accuracy": 0.9611957671957672,
    "p4_macro_f1": 0.961143284995805,
    "p7_accuracy": 0.47619047619047616,
    "p7_macro_f1": 0.3225806451612903
  },
  "with_p5": {
    "gap_macro_f1": -0.48589935633213827,
    "p5_fpr": 0.3256222222222222,
    "p5_macro_f1": 0.8084800014934286,
    "p7_fpr": 0.0,
    "p7_macro_f1": 0.3225806451612903
  },
  "with_p6": {
    "gap_macro_f1": -0.31294819296331927,
    "p6_l2_macro_f1": 0.6355288381246096,
    "p7_macro_f1": 0.3225806451612903
  }
}
