{
  "FN": 49500,
  "FNR": 1.0,
  "FP": 0,
  "FPR": 0.0,
  "TN": 45000,
  "TP": 0,
  "accuracy": 0.47619047619047616,
  "classification_report": {
    "accuracy": 0.47619047619047616,
    "attack": {
      "f1_score": 0.0,
      "precision": 0.0,
      "recall": 0.0,
      "support": 49500
    },
    "macro_avg": {
      "f1_score": 0.3225806451612903
    },
    "normal": {
      "f1_score": 0.6451612903225806,
      "precision": 0.47619047619047616,
      "recall": 1.0,
      "support": 45000
    },
    "weighted_avg": {
      "f1_score": 0.30721966205837176
    }
  },
  "confusion_matrix": [
    [
      45000,
      0
    ],
    [
      49500,
      0
    ]
  ],
  "f1": 0.0,
  "f1_attack": 0.0,
  "f1_normal": 0.6451612903225806,
  "loss": 46.585795706891,
  "macro_f1": 0.3225806451612903,
  "one_vs_rest_rows": [
    {
      "FN": 0,
      "FP": 49500,
      "TN": 0,
      "TP": 45000,
      "class_id": 0,
      "class_name": "normal",
      "f1": 0.6451612903225806,
      "precision": 0.47619047619047616,
      "recall": 1.0
    },
    {
      "FN": 49500,
      "FP": 0,
      "TN": 45000,
      "TP": 0,
      "class_id": 1,
      "class_name": "attack",
      "f1": 0.0,
      "precision": 0.0,
      "recall": 0.0
    }
  ],
  "precision": 0.0,
  "precision_attack": 0.0,
  "precision_normal": 0.47619047619047616,
  "recall": 0.0,
  "recall_attack": 0.0,
  "recall_normal": 1.0,
  "support_attack": 49500,
  "support_normal": 45000,
  "support_total": 94500,
  "weighted_f1": 0.30721966205837176
}
