{
  "accuracy": 0.949015873015873,
  "attack": {
    "f1_score": 0.9502735060377748,
    "precision": 0.9714285714285714,
    "recall": 0.930020202020202,
    "support": 49500
  },
  "macro_avg": {
    "f1_score": 0.9489832409137957
  },
  "normal": {
    "f1_score": 0.9476929757898166,
    "precision": 0.9264699639142433,
    "recall": 0.9699111111111111,
    "support": 45000
  },
  "weighted_avg": {
    "f1_score": 0.9490446821101757
  }
}
