{
  "p4_macro_f1": 0.961143284995805,
  "p5_macro_f1": 0.9544713884752902,
  "p6_macro_f1": 0.6355288381246096,
  "task": "l1_binary",
  "with_p4": {
    "gap_macro_f1": -0.012160044082009325,
    "p4_accuracy": 0.9611957671957672,
    "p4_macro_f1": 0.961143284995805,
    "p7_accuracy": 0.949015873015873,
    "p7_macro_f1": 0.9489832409137957
  },
  "with_p5": {
    "gap_macro_f1": -0.005488147561494516,
    "p5_fpr": 0.0384,
    "p5_macro_f1": 0.9544713884752902,
    "p7_fpr": 0.030088888888888887,
    "p7_macro_f1": 0.9489832409137957
  },
  "with_p6": {
    "gap_macro_f1": 0.3134544027891861,
    "p6_l2_macro_f1": 0.6355288381246096,
    "p7_macro_f1": 0.9489832409137957
  }
}
