{
  "FN": 3464,
  "FNR": 0.06997979797979798,
  "FP": 1354,
  "FPR": 0.030088888888888887,
  "TN": 43646,
  "TP": 46036,
  "accuracy": 0.949015873015873,
  "classification_report": {
    "accuracy": 0.949015873015873,
    "attack": {
      "f1_score": 0.9502735060377748,
      "precision": 0.9714285714285714,
      "recall": 0.930020202020202,
      "support": 49500
    },
    "macro_avg": {
      "f1_score": 0.9489832409137957
    },
    "normal": {
      "f1_score": 0.9476929757898166,
      "precision": 0.9264699639142433,
      "recall": 0.9699111111111111,
      "support": 45000
    },
    "weighted_avg": {
      "f1_score": 0.9490446821101757
    }
  },
  "confusion_matrix": [
    [
      43646,
      1354
    ],
    [
      3464,
      46036
    ]
  ],
  "f1": 0.9502735060377748,
  "f1_attack": 0.9502735060377748,
  "f1_normal": 0.9476929757898166,
  "loss": 0.12443890818890105,
  "macro_f1": 0.9489832409137957,
  "one_vs_rest_rows": [
    {
      "FN": 1354,
      "FP": 3464,
      "TN": 46036,
      "TP": 43646,
      "class_id": 0,
      "class_name": "normal",
      "f1": 0.9476929757898166,
      "precision": 0.9264699639142433,
      "recall": 0.9699111111111111
    },
    {
      "FN": 3464,
      "FP": 1354,
      "TN": 43646,
      "TP": 46036,
      "class_id": 1,
      "class_name": "attack",
      "f1": 0.9502735060377748,
      "precision": 0.9714285714285714,
      "recall": 0.930020202020202
    }
  ],
  "precision": 0.9714285714285714,
  "precision_attack": 0.9714285714285714,
  "precision_normal": 0.9264699639142433,
  "recall": 0.930020202020202,
  "recall_attack": 0.930020202020202,
  "recall_normal": 0.9699111111111111,
  "support_attack": 49500,
  "support_normal": 45000,
  "support_total": 94500,
  "weighted_f1": 0.9490446821101757
}
