{
  "FN": 3375,
  "FNR": 0.06818181818181818,
  "FP": 1314,
  "FPR": 0.0292,
  "TN": 43686,
  "TP": 46125,
  "accuracy": 0.9503809523809523,
  "classification_report": {
    "accuracy": 0.9503809523809523,
    "attack": {
      "f1_score": 0.9516293751740785,
      "precision": 0.972301271106052,
      "recall": 0.9318181818181818,
      "support": 49500
    },
    "macro_avg": {
      "f1_score": 0.950347877537181
    },
    "normal": {
      "f1_score": 0.9490663799002835,
      "precision": 0.9282845668387837,
      "recall": 0.9708,
      "support": 45000
    },
    "weighted_avg": {
      "f1_score": 0.9504089012341762
    }
  },
  "confusion_matrix": [
    [
      43686,
      1314
    ],
    [
      3375,
      46125
    ]
  ],
  "f1": 0.9516293751740785,
  "f1_attack": 0.9516293751740785,
  "f1_normal": 0.9490663799002835,
  "loss": 0.12227792926925293,
  "macro_f1": 0.950347877537181,
  "one_vs_rest_rows": [
    {
      "FN": 1314,
      "FP": 3375,
      "TN": 46125,
      "TP": 43686,
      "class_id": 0,
      "class_name": "normal",
      "f1": 0.9490663799002835,
      "precision": 0.9282845668387837,
      "recall": 0.9708
    },
    {
      "FN": 3375,
      "FP": 1314,
      "TN": 43686,
      "TP": 46125,
      "class_id": 1,
      "class_name": "attack",
      "f1": 0.9516293751740785,
      "precision": 0.972301271106052,
      "recall": 0.9318181818181818
    }
  ],
  "precision": 0.972301271106052,
  "precision_attack": 0.972301271106052,
  "precision_normal": 0.9282845668387837,
  "recall": 0.9318181818181818,
  "recall_attack": 0.9318181818181818,
  "recall_normal": 0.9708,
  "support_attack": 49500,
  "support_normal": 45000,
  "support_total": 94500,
  "weighted_f1": 0.9504089012341762
}
