{
  "binary_summary": {
    "FN": 2844,
    "FNR": 0.05745454545454545,
    "FP": 3042,
    "FPR": 0.0676,
    "TN": 41958,
    "TP": 46656,
    "accuracy": 0.9377142857142857,
    "attack_recall": 0.9425454545454546,
    "f1_attack": 0.9406641262928689,
    "loss": 0.19558433581849255,
    "macro_f1": 0.9375599645294771,
    "precision_attack": 0.9387902933719667,
    "recall_attack": 0.9425454545454546,
    "robustness_score": 0.738023618628375,
    "weighted_f1": 0.9377077817563052
  }
}