{
  "accuracy": 0.8194013495418999,
  "classes": {
    "0": {
      "FN": 20073,
      "FNR": 0.44606666666666667,
      "FP": 21989,
      "FPR": 0.016655759261447474,
      "TN": 1298215,
      "TP": 24927,
      "class_id": 0,
      "class_name": "BruteForce",
      "f1": 0.5423865268288437,
      "precision": 0.5313112797339926,
      "recall": 0.5539333333333334,
      "support": 45000
    },
    "1": {
      "FN": 23164,
      "FNR": 0.042896296296296293,
      "FP": 90148,
      "FPR": 0.10924329014401288,
      "TN": 735056,
      "TP": 516836,
      "class_id": 1,
      "class_name": "DDoS",
      "f1": 0.901208735256987,
      "precision": 0.8514820819000172,
      "recall": 0.9571037037037037,
      "support": 540000
    },
    "2": {
      "FN": 58794,
      "FNR": 0.32663333333333333,
      "FP": 23664,
      "FPR": 0.01996618303684429,
      "TN": 1161540,
      "TP": 121206,
      "class_id": 2,
      "class_name": "DoS",
      "f1": 0.7461815495428941,
      "precision": 0.8366535514599296,
      "recall": 0.6733666666666667,
      "support": 180000
    },
    "3": {
      "FN": 18026,
      "FNR": 0.8011555555555555,
      "FP": 6333,
      "FPR": 0.0047166017230901225,
      "TN": 1336371,
      "TP": 4474,
      "class_id": 3,
      "class_name": "Malware",
      "f1": 0.2686522352658601,
      "precision": 0.4139909318034607,
      "recall": 0.19884444444444443,
      "support": 22500
    },
    "4": {
      "FN": 802,
      "FNR": 0.00594074074074074,
      "FP": 923,
      "FPR": 0.0007502820670392878,
      "TN": 1229281,
      "TP": 134198,
      "class_id": 4,
      "class_name": "Mirai",
      "f1": 0.9936139729972865,
      "precision": 0.9931690854863419,
      "recall": 0.9940592592592593,
      "support": 135000
    },
    "5": {
      "FN": 76621,
      "FNR": 0.38900622442452,
      "FP": 29435,
      "FPR": 0.02519606450055554,
      "TN": 1138803,
      "TP": 120345,
      "class_id": 5,
      "class_name": "Recon",
      "f1": 0.6941392258310118,
      "precision": 0.8034784350380558,
      "recall": 0.6109937755754801,
      "support": 196966
    },
    "6": {
      "FN": 22979,
      "FNR": 0.25532222222222223,
      "FP": 19605,
      "FPR": 0.015374010746515851,
      "TN": 1255599,
      "TP": 67021,
      "class_id": 6,
      "class_name": "Spoofing",
      "f1": 0.7589029927643721,
      "precision": 0.7736822662941842,
      "recall": 0.7446777777777778,
      "support": 90000
    },
    "7": {
      "FN": 26095,
      "FNR": 0.16755705094453505,
      "FP": 54457,
      "FPR": 0.04502565595064268,
      "TN": 1155009,
      "TP": 129643,
      "class_id": 7,
      "class_name": "Web-based",
      "f1": 0.7629694148388348,
      "precision": 0.704198804997284,
      "recall": 0.8324429490554649,
      "support": 155738
    }
  },
  "macro_avg": {
    "f1_score": 0.7085068316657612,
    "precision": 0.7384958045891582,
    "recall": 0.6956777387270163
  },
  "weighted_avg": {
    "f1_score": 0.8126271078490118
  }
}
