{
  "p4_macro_f1": 0.961143284995805,
  "p5_macro_f1": 0.9407415103639889,
  "p6_macro_f1": 0.6355288381246096,
  "task": "l2_family",
  "with_p4": {
    "gap_macro_f1": -0.2526364533300438,
    "p4_accuracy": 0.9611957671957672,
    "p4_macro_f1": 0.961143284995805,
    "p7_accuracy": 0.8194013495418999,
    "p7_macro_f1": 0.7085068316657612
  },
  "with_p5": {
    "gap_macro_f1": -0.23223467869822767,
    "p5_fpr": 0.06626666666666667,
    "p5_macro_f1": 0.9407415103639889,
    "p7_fpr": 0.029615980928768514,
    "p7_macro_f1": 0.7085068316657612
  },
  "with_p6": {
    "gap_macro_f1": 0.07297799354115164,
    "p6_l2_macro_f1": 0.6355288381246096,
    "p7_macro_f1": 0.7085068316657612
  }
}
