{
  "best_fitness": 0.7774434736114388,
  "best_metrics": {
    "FN": 4511,
    "FNR": 0.09113131313131313,
    "FP": 5391,
    "FPR": 0.1198,
    "TN": 39609,
    "TP": 44989,
    "accuracy": 0.8952169312169312,
    "f1": 0.9008610332398878,
    "f1_attack": 0.9008610332398878,
    "f1_normal": 0.8888913824057452,
    "features_count": 9,
    "loss": 0.2592478217208196,
    "macro_f1": 0.8948762078228165,
    "precision": 0.8929932512901945,
    "precision_attack": 0.8929932512901945,
    "precision_normal": 0.8977561196736175,
    "recall": 0.9088686868686868,
    "recall_attack": 0.9088686868686868,
    "recall_normal": 0.8802,
    "support_attack": 49500,
    "support_normal": 45000,
    "support_total": 94500,
    "weighted_f1": 0.8951611995093437
  }
}