{
  "best_fitness": 0.7774434736114388,
  "mask": [
    1,
    0,
    1,
    0,
    1,
    0,
    0,
    0,
    0,
    0,
    0,
    0,
    0,
    1,
    1,
    0,
    1,
    0,
    0,
    0,
    0,
    0,
    1,
    0,
    0,
    0,
    1,
    1
  ],
  "method": "QGA theta-vector bounded-mask L1",
  "n_features_original": 28,
  "phase": "P8",
  "run_id": "run_20260508_104311",
  "selected_features": [
    "flow_duration",
    "Protocol Type",
    "Rate",
    "urg_count",
    "rst_count",
    "HTTPS",
    "ICMP",
    "IAT",
    "Number"
  ],
  "selected_features_count": 9,
  "selected_indices": [
    0,
    2,
    4,
    13,
    14,
    16,
    22,
    26,
    27
  ],
  "test_used_for_selection": false,
  "validation_metrics": {
    "FN": 4511,
    "FNR": 0.09113131313131313,
    "FP": 5391,
    "FPR": 0.1198,
    "TN": 39609,
    "TP": 44989,
    "accuracy": 0.8952169312169312,
    "f1": 0.9008610332398878,
    "f1_attack": 0.9008610332398878,
    "f1_normal": 0.8888913824057452,
    "features_count": 9,
    "loss": 0.2592478217208196,
    "macro_f1": 0.8948762078228165,
    "precision": 0.8929932512901945,
    "precision_attack": 0.8929932512901945,
    "precision_normal": 0.8977561196736175,
    "recall": 0.9088686868686868,
    "recall_attack": 0.9088686868686868,
    "recall_normal": 0.8802,
    "support_attack": 49500,
    "support_normal": 45000,
    "support_total": 94500,
    "weighted_f1": 0.8951611995093437
  }
}