{
  "accuracy": 0.9471957671957671,
  "attack": {
    "f1_score": 0.9493246674113943,
    "precision": 0.9544619154584439,
    "recall": 0.9442424242424242,
    "support": 49500
  },
  "macro_avg": {
    "f1_score": 0.9471024088189193
  },
  "normal": {
    "f1_score": 0.9448801502264442,
    "precision": 0.939380628157259,
    "recall": 0.9504444444444444,
    "support": 45000
  },
  "weighted_avg": {
    "f1_score": 0.9472082306566563
  }
}
