{
  "p4_macro_f1": 0.961143284995805,
  "p5_macro_f1": 0.9508608573358559,
  "p6_macro_f1": 0.6355288381246096,
  "task": "l1_binary",
  "with_p4": {
    "gap_macro_f1": -0.014040876176885764,
    "p4_accuracy": 0.9611957671957672,
    "p4_macro_f1": 0.961143284995805,
    "p7_accuracy": 0.9471957671957671,
    "p7_macro_f1": 0.9471024088189193
  },
  "with_p5": {
    "gap_macro_f1": -0.00375844851693663,
    "p5_fpr": 0.038155555555555554,
    "p5_macro_f1": 0.9508608573358559,
    "p7_fpr": 0.049555555555555554,
    "p7_macro_f1": 0.9471024088189193
  },
  "with_p6": {
    "gap_macro_f1": 0.3115735706943097,
    "p6_l2_macro_f1": 0.6355288381246096,
    "p7_macro_f1": 0.9471024088189193
  }
}
