{
  "FN": 2760,
  "FNR": 0.055757575757575756,
  "FP": 2230,
  "FPR": 0.049555555555555554,
  "TN": 42770,
  "TP": 46740,
  "accuracy": 0.9471957671957671,
  "classification_report": {
    "accuracy": 0.9471957671957671,
    "attack": {
      "f1_score": 0.9493246674113943,
      "precision": 0.9544619154584439,
      "recall": 0.9442424242424242,
      "support": 49500
    },
    "macro_avg": {
      "f1_score": 0.9471024088189193
    },
    "normal": {
      "f1_score": 0.9448801502264442,
      "precision": 0.939380628157259,
      "recall": 0.9504444444444444,
      "support": 45000
    },
    "weighted_avg": {
      "f1_score": 0.9472082306566563
    }
  },
  "confusion_matrix": [
    [
      42770,
      2230
    ],
    [
      2760,
      46740
    ]
  ],
  "f1": 0.9493246674113943,
  "f1_attack": 0.9493246674113943,
  "f1_normal": 0.9448801502264442,
  "loss": 0.12888157668899983,
  "macro_f1": 0.9471024088189193,
  "one_vs_rest_rows": [
    {
      "FN": 2230,
      "FP": 2760,
      "TN": 46740,
      "TP": 42770,
      "class_id": 0,
      "class_name": "normal",
      "f1": 0.9448801502264442,
      "precision": 0.939380628157259,
      "recall": 0.9504444444444444
    },
    {
      "FN": 2760,
      "FP": 2230,
      "TN": 42770,
      "TP": 46740,
      "class_id": 1,
      "class_name": "attack",
      "f1": 0.9493246674113943,
      "precision": 0.9544619154584439,
      "recall": 0.9442424242424242
    }
  ],
  "precision": 0.9544619154584439,
  "precision_attack": 0.9544619154584439,
  "precision_normal": 0.939380628157259,
  "recall": 0.9442424242424242,
  "recall_attack": 0.9442424242424242,
  "recall_normal": 0.9504444444444444,
  "support_attack": 49500,
  "support_normal": 45000,
  "support_total": 94500,
  "weighted_f1": 0.9472082306566563
}
