{
  "FN": 2704,
  "FNR": 0.05462626262626263,
  "FP": 2137,
  "FPR": 0.047488888888888886,
  "TN": 42863,
  "TP": 46796,
  "accuracy": 0.9487724867724868,
  "classification_report": {
    "accuracy": 0.9487724867724868,
    "attack": {
      "f1_score": 0.9508193390428007,
      "precision": 0.9563280403817465,
      "recall": 0.9453737373737374,
      "support": 49500
    },
    "macro_avg": {
      "f1_score": 0.9486835993192295
    },
    "normal": {
      "f1_score": 0.9465478595956585,
      "precision": 0.9406588101038031,
      "recall": 0.9525111111111111,
      "support": 45000
    },
    "weighted_avg": {
      "f1_score": 0.948785301210828
    }
  },
  "confusion_matrix": [
    [
      42863,
      2137
    ],
    [
      2704,
      46796
    ]
  ],
  "f1": 0.9508193390428007,
  "f1_attack": 0.9508193390428007,
  "f1_normal": 0.9465478595956585,
  "loss": 0.12716061051221603,
  "macro_f1": 0.9486835993192295,
  "one_vs_rest_rows": [
    {
      "FN": 2137,
      "FP": 2704,
      "TN": 46796,
      "TP": 42863,
      "class_id": 0,
      "class_name": "normal",
      "f1": 0.9465478595956585,
      "precision": 0.9406588101038031,
      "recall": 0.9525111111111111
    },
    {
      "FN": 2704,
      "FP": 2137,
      "TN": 42863,
      "TP": 46796,
      "class_id": 1,
      "class_name": "attack",
      "f1": 0.9508193390428007,
      "precision": 0.9563280403817465,
      "recall": 0.9453737373737374
    }
  ],
  "precision": 0.9563280403817465,
  "precision_attack": 0.9563280403817465,
  "precision_normal": 0.9406588101038031,
  "recall": 0.9453737373737374,
  "recall_attack": 0.9453737373737374,
  "recall_normal": 0.9525111111111111,
  "support_attack": 49500,
  "support_normal": 45000,
  "support_total": 94500,
  "weighted_f1": 0.948785301210828
}
