{
  "p4_macro_f1": 0.961143284995805,
  "p5_macro_f1": 0.9544713884752902,
  "p6_macro_f1": 0.6355288381246096,
  "task": "l2_family",
  "with_p4": {
    "gap_macro_f1": -0.26170515436746844,
    "p4_accuracy": 0.9611957671957672,
    "p4_macro_f1": 0.961143284995805,
    "p7_accuracy": 0.8398810727188024,
    "p7_macro_f1": 0.6994381306283366
  },
  "with_p5": {
    "gap_macro_f1": -0.25503325784695363,
    "p5_fpr": 0.0384,
    "p5_macro_f1": 0.9544713884752902,
    "p7_fpr": 0.02620288735272759,
    "p7_macro_f1": 0.6994381306283366
  },
  "with_p6": {
    "gap_macro_f1": 0.06390929250372701,
    "p6_l2_macro_f1": 0.6355288381246096,
    "p7_macro_f1": 0.6994381306283366
  }
}
