{
  "FNR_macro": 0.32490653319031315,
  "FPR_macro": 0.02620288735272759,
  "accuracy": 0.8398810727188024,
  "classification_report": {
    "accuracy": 0.8398810727188024,
    "classes": {
      "0": {
        "FN": 25588,
        "FNR": 0.5686222222222223,
        "FP": 7779,
        "FPR": 0.0058922711944517665,
        "TN": 1312425,
        "TP": 19412,
        "class_id": 0,
        "class_name": "BruteForce",
        "f1": 0.5377955700849136,
        "precision": 0.7139126916994594,
        "recall": 0.4313777777777778,
        "support": 45000
      },
      "1": {
        "FN": 13144,
        "FNR": 0.02434074074074074,
        "FP": 72386,
        "FPR": 0.08771891556512086,
        "TN": 752818,
        "TP": 526856,
        "class_id": 1,
        "class_name": "DDoS",
        "f1": 0.9249237650999523,
        "precision": 0.8792040611305616,
        "recall": 0.9756592592592592,
        "support": 540000
      },
      "2": {
        "FN": 60214,
        "FNR": 0.3345222222222222,
        "FP": 17099,
        "FPR": 0.014427052220545999,
        "TN": 1168105,
        "TP": 119786,
        "class_id": 2,
        "class_name": "DoS",
        "f1": 0.7560219006895247,
        "precision": 0.875084925302261,
        "recall": 0.6654777777777777,
        "support": 180000
      },
      "3": {
        "FN": 21158,
        "FNR": 0.9403555555555555,
        "FP": 183,
        "FPR": 0.00013629213884817503,
        "TN": 1342521,
        "TP": 1342,
        "class_id": 3,
        "class_name": "Malware",
        "f1": 0.11171696149843911,
        "precision": 0.88,
        "recall": 0.059644444444444444,
        "support": 22500
      },
      "4": {
        "FN": 936,
        "FNR": 0.006933333333333333,
        "FP": 216,
        "FPR": 0.00017558063540681058,
        "TN": 1229988,
        "TP": 134064,
        "class_id": 4,
        "class_name": "Mirai",
        "f1": 0.9957219251336898,
        "precision": 0.9983914209115281,
        "recall": 0.9930666666666667,
        "support": 135000
      },
      "5": {
        "FN": 46663,
        "FNR": 0.23690890813642965,
        "FP": 50306,
        "FPR": 0.04306143097553752,
        "TN": 1117932,
        "TP": 150303,
        "class_id": 5,
        "class_name": "Recon",
        "f1": 0.756098849273722,
        "precision": 0.7492335837375192,
        "recall": 0.7630910918635704,
        "support": 196966
      },
      "6": {
        "FN": 34283,
        "FNR": 0.3809222222222222,
        "FP": 4289,
        "FPR": 0.0033633834272790864,
        "TN": 1270915,
        "TP": 55717,
        "class_id": 6,
        "class_name": "Spoofing",
        "f1": 0.7428636187885819,
        "precision": 0.9285238142852381,
        "recall": 0.6190777777777777,
        "support": 90000
      },
      "7": {
        "FN": 16609,
        "FNR": 0.10664706108977899,
        "FP": 66337,
        "FPR": 0.054848172664630504,
        "TN": 1143129,
        "TP": 139129,
        "class_id": 7,
        "class_name": "Web-based",
        "f1": 0.7703624544578688,
        "precision": 0.6771387966865564,
        "recall": 0.893352938910221,
        "support": 155738
      }
    },
    "macro_avg": {
      "f1_score": 0.6994381306283366,
      "precision": 0.8376861617191406,
      "recall": 0.6750934668096868
    },
    "weighted_avg": {
      "f1_score": 0.8295008416530076
    }
  },
  "confusion_matrix": [
    [
      19412,
      282,
      13,
      17,
      0,
      10910,
      138,
      14228
    ],
    [
      56,
      526856,
      9394,
      6,
      128,
      3250,
      79,
      231
    ],
    [
      11,
      56824,
      119786,
      0,
      51,
      3266,
      20,
      42
    ],
    [
      82,
      306,
      6,
      1342,
      2,
      1393,
      360,
      19009
    ],
    [
      3,
      629,
      62,
      0,
      134064,
      95,
      119,
      28
    ],
    [
      4918,
      11567,
      7501,
      51,
      4,
      150303,
      2025,
      20597
    ],
    [
      627,
      544,
      95,
      47,
      25,
      20743,
      55717,
      12202
    ],
    [
      2082,
      2234,
      28,
      62,
      6,
      10649,
      1548,
      139129
    ]
  ],
  "loss": 0.4078892945260301,
  "macro_f1": 0.6994381306283366,
  "one_vs_rest_rows": [
    {
      "FN": 25588,
      "FNR": 0.5686222222222223,
      "FP": 7779,
      "FPR": 0.0058922711944517665,
      "TN": 1312425,
      "TP": 19412,
      "class_id": 0,
      "class_name": "BruteForce",
      "f1": 0.5377955700849136,
      "precision": 0.7139126916994594,
      "recall": 0.4313777777777778,
      "support": 45000
    },
    {
      "FN": 13144,
      "FNR": 0.02434074074074074,
      "FP": 72386,
      "FPR": 0.08771891556512086,
      "TN": 752818,
      "TP": 526856,
      "class_id": 1,
      "class_name": "DDoS",
      "f1": 0.9249237650999523,
      "precision": 0.8792040611305616,
      "recall": 0.9756592592592592,
      "support": 540000
    },
    {
      "FN": 60214,
      "FNR": 0.3345222222222222,
      "FP": 17099,
      "FPR": 0.014427052220545999,
      "TN": 1168105,
      "TP": 119786,
      "class_id": 2,
      "class_name": "DoS",
      "f1": 0.7560219006895247,
      "precision": 0.875084925302261,
      "recall": 0.6654777777777777,
      "support": 180000
    },
    {
      "FN": 21158,
      "FNR": 0.9403555555555555,
      "FP": 183,
      "FPR": 0.00013629213884817503,
      "TN": 1342521,
      "TP": 1342,
      "class_id": 3,
      "class_name": "Malware",
      "f1": 0.11171696149843911,
      "precision": 0.88,
      "recall": 0.059644444444444444,
      "support": 22500
    },
    {
      "FN": 936,
      "FNR": 0.006933333333333333,
      "FP": 216,
      "FPR": 0.00017558063540681058,
      "TN": 1229988,
      "TP": 134064,
      "class_id": 4,
      "class_name": "Mirai",
      "f1": 0.9957219251336898,
      "precision": 0.9983914209115281,
      "recall": 0.9930666666666667,
      "support": 135000
    },
    {
      "FN": 46663,
      "FNR": 0.23690890813642965,
      "FP": 50306,
      "FPR": 0.04306143097553752,
      "TN": 1117932,
      "TP": 150303,
      "class_id": 5,
      "class_name": "Recon",
      "f1": 0.756098849273722,
      "precision": 0.7492335837375192,
      "recall": 0.7630910918635704,
      "support": 196966
    },
    {
      "FN": 34283,
      "FNR": 0.3809222222222222,
      "FP": 4289,
      "FPR": 0.0033633834272790864,
      "TN": 1270915,
      "TP": 55717,
      "class_id": 6,
      "class_name": "Spoofing",
      "f1": 0.7428636187885819,
      "precision": 0.9285238142852381,
      "recall": 0.6190777777777777,
      "support": 90000
    },
    {
      "FN": 16609,
      "FNR": 0.10664706108977899,
      "FP": 66337,
      "FPR": 0.054848172664630504,
      "TN": 1143129,
      "TP": 139129,
      "class_id": 7,
      "class_name": "Web-based",
      "f1": 0.7703624544578688,
      "precision": 0.6771387966865564,
      "recall": 0.893352938910221,
      "support": 155738
    }
  ],
  "per_class": {
    "0": {
      "FN": 25588,
      "FNR": 0.5686222222222223,
      "FP": 7779,
      "FPR": 0.0058922711944517665,
      "TN": 1312425,
      "TP": 19412,
      "class_id": 0,
      "class_name": "BruteForce",
      "f1": 0.5377955700849136,
      "precision": 0.7139126916994594,
      "recall": 0.4313777777777778,
      "support": 45000
    },
    "1": {
      "FN": 13144,
      "FNR": 0.02434074074074074,
      "FP": 72386,
      "FPR": 0.08771891556512086,
      "TN": 752818,
      "TP": 526856,
      "class_id": 1,
      "class_name": "DDoS",
      "f1": 0.9249237650999523,
      "precision": 0.8792040611305616,
      "recall": 0.9756592592592592,
      "support": 540000
    },
    "2": {
      "FN": 60214,
      "FNR": 0.3345222222222222,
      "FP": 17099,
      "FPR": 0.014427052220545999,
      "TN": 1168105,
      "TP": 119786,
      "class_id": 2,
      "class_name": "DoS",
      "f1": 0.7560219006895247,