{
  "binary_summary": {
    "FN": 2149,
    "FNR": 0.04341414141414141,
    "FP": 2982,
    "FPR": 0.06626666666666667,
    "TN": 42018,
    "TP": 47351,
    "accuracy": 0.9457037037037037,
    "attack_recall": 0.9565858585858585,
    "f1_attack": 0.9486041689621669,
    "loss": 0.1875778490204029,
    "macro_f1": 0.9455302294225977,
    "precision_attack": 0.9407545745336062,
    "recall_attack": 0.9565858585858585,
    "robustness_score": 0.7464875389537231,
    "weighted_f1": 0.9456766074959105
  }
}