{
  "FNR_macro": 0.8270049375771522,
  "FPR_macro": 0.11942935406075383,
  "accuracy": 0.16666666666666666,
  "class_names": [
    "0",
    "1",
    "2",
    "3",
    "4",
    "5",
    "6",
    "7"
  ],
  "confusion_matrix": [
    [
      5,
      6,
      18,
      31,
      1,
      9,
      73,
      2
    ],
    [
      2,
      34,
      266,
      7,
      8,
      686,
      52,
      18
    ],
    [
      1,
      3,
      266,
      3,
      0,
      232,
      22,
      0
    ],
    [
      1,
      0,
      8,
      7,
      1,
      3,
      24,
      0
    ],
    [
      0,
      0,
      67,
      0,
      17,
      135,
      0,
      1
    ],
    [
      8,
      23,
      98,
      40,
      4,
      65,
      128,
      2
    ],
    [
      19,
      13,
      68,
      41,
      16,
      2,
      99,
      2
    ],
    [
      18,
      15,
      56,
      61,
      11,
      25,
      170,
      7
    ]
  ],
  "loss": 2.507946014404297,
  "macro_f1": 0.12970769986194358,
  "per_class": {
    "0": {
      "FN": 140,
      "FNR": 0.9655172413793104,
      "FP": 49,
      "FPR": 0.017162872154115588,
      "TN": 2806,
      "TP": 5,
      "class_id": 0,
      "class_name": "0",
      "f1": 0.05025125628140704,
      "precision": 0.09259259259259259,
      "recall": 0.034482758620689655,
      "support": 145
    },
    "1": {
      "FN": 1039,
      "FNR": 0.9683131407269339,
      "FP": 60,
      "FPR": 0.031136481577581733,
      "TN": 1867,
      "TP": 34,
      "class_id": 1,
      "class_name": "1",
      "f1": 0.05826906598114824,
      "precision": 0.3617021276595745,
      "recall": 0.03168685927306617,
      "support": 1073
    },
    "2": {
      "FN": 261,
      "FNR": 0.4952561669829222,
      "FP": 581,
      "FPR": 0.23493732308936513,
      "TN": 1892,
      "TP": 266,
      "class_id": 2,
      "class_name": "2",
      "f1": 0.3871906841339156,
      "precision": 0.3140495867768595,
      "recall": 0.5047438330170778,
      "support": 527
    },
    "3": {
      "FN": 37,
      "FNR": 0.8409090909090909,
      "FP": 183,
      "FPR": 0.06190798376184033,
      "TN": 2773,
      "TP": 7,
      "class_id": 3,
      "class_name": "3",
      "f1": 0.059829059829059825,
      "precision": 0.03684210526315789,
      "recall": 0.1590909090909091,
      "support": 44
    },
    "4": {
      "FN": 203,
      "FNR": 0.9227272727272727,
      "FP": 41,
      "FPR": 0.014748201438848921,
      "TN": 2739,
      "TP": 17,
      "class_id": 4,
      "class_name": "4",
      "f1": 0.12230215827338128,
      "precision": 0.29310344827586204,
      "recall": 0.07727272727272727,
      "support": 220
    },
    "5": {
      "FN": 303,
      "FNR": 0.8233695652173914,
      "FP": 1092,
      "FPR": 0.4148936170212766,
      "TN": 1540,
      "TP": 65,
      "class_id": 5,
      "class_name": "5",
      "f1": 0.08524590163934426,
      "precision": 0.056179775280898875,
      "recall": 0.1766304347826087,
      "support": 368
    },
    "6": {
      "FN": 161,
      "FNR": 0.6192307692307693,
      "FP": 469,
      "FPR": 0.17116788321167883,
      "TN": 2271,
      "TP": 99,
      "class_id": 6,
      "class_name": "6",
      "f1": 0.2391304347826087,
      "precision": 0.1742957746478873,
      "recall": 0.38076923076923075,
      "support": 260
    },
    "7": {
      "FN": 356,
      "FNR": 0.9807162534435262,
      "FP": 25,
      "FPR": 0.009480470231323474,
      "TN": 2612,
      "TP": 7,
      "class_id": 7,
      "class_name": "7",
      "f1": 0.035443037974683546,
      "precision": 0.21875,
      "recall": 0.01928374655647383,
      "support": 363
    }
  },
  "precision_macro": 0.1934394263121041,
  "recall_macro": 0.1729950624228479,
  "support_total": 3000,
  "weighted_f1": 0.13660260386044643
}
