{
  "FN": 89,
  "FNR": 0.0652971386647102,
  "FP": 947,
  "FPR": 0.5784972510690287,
  "TN": 690,
  "TP": 1274,
  "accuracy": 0.6546666666666666,
  "f1": 0.7109375,
  "f1_attack": 0.7109375,
  "f1_normal": 0.5711920529801324,
  "macro_f1": 0.6410647764900662,
  "precision": 0.5736154885186853,
  "precision_attack": 0.5736154885186853,
  "precision_normal": 0.8857509627727856,
  "recall": 0.9347028613352898,
  "recall_attack": 0.9347028613352898,
  "recall_normal": 0.4215027489309713,
  "selection_split": "server_validation",
  "support_attack": 1363,
  "support_normal": 1637,
  "support_total": 3000,
  "test_used_for_threshold": false,
  "threshold": 0.55,
  "weighted_f1": 0.6346830677428257
}
