{
  "primary_objective": "f1_attack",
  "primary_threshold": 0.55,
  "primary_validation_metrics": {
    "FN": 89,
    "FNR": 0.0652971386647102,
    "FP": 947,
    "FPR": 0.5784972510690287,
    "TN": 690,
    "TP": 1274,
    "accuracy": 0.6546666666666666,
    "f1": 0.7109375,
    "f1_attack": 0.7109375,
    "f1_normal": 0.5711920529801324,
    "macro_f1": 0.6410647764900662,
    "precision": 0.5736154885186853,
    "precision_attack": 0.5736154885186853,
    "precision_normal": 0.8857509627727856,
    "recall": 0.9347028613352898,
    "recall_attack": 0.9347028613352898,
    "recall_normal": 0.4215027489309713,
    "support_attack": 1363,
    "support_normal": 1637,
    "support_total": 3000,
    "threshold": 0.55,
    "weighted_f1": 0.6346830677428257
  },
  "secondary_objective": "recall_attack_with_fpr_control",
  "secondary_threshold": 0.7,
  "secondary_validation_metrics": {
    "FN": 1114,
    "FNR": 0.8173147468818782,
    "FP": 48,
    "FPR": 0.029321930360415395,
    "TN": 1589,
    "TP": 249,
    "accuracy": 0.6126666666666667,
    "f1": 0.30000000000000004,
    "f1_attack": 0.30000000000000004,
    "f1_normal": 0.7322580645161291,
    "macro_f1": 0.5161290322580645,
    "precision": 0.8383838383838383,
    "precision_attack": 0.8383838383838383,
    "precision_normal": 0.5878653348131706,
    "recall": 0.18268525311812178,
    "recall_attack": 0.18268525311812178,
    "recall_normal": 0.9706780696395846,
    "support_attack": 1363,
    "support_normal": 1637,
    "support_total": 3000,
    "threshold": 0.7,
    "weighted_f1": 0.5358688172043011
  },
  "selection_split": "validation",
  "test_used_for_threshold": false
}
