{
  "accuracy": 0.9611957671957672,
  "attack": {
    "f1_score": 0.9625713206699804,
    "precision": 0.972768345264374,
    "recall": 0.9525858585858585,
    "support": 49500
  },
  "macro_avg": {
    "f1_score": 0.961143284995805
  },
  "normal": {
    "f1_score": 0.9597152493216298,
    "precision": 0.9490081908445043,
    "recall": 0.9706666666666667,
    "support": 45000
  },
  "weighted_avg": {
    "f1_score": 0.9612112866945753
  }
}
