{
  "FN": 2285,
  "FNR": 0.04616161616161616,
  "FP": 1339,
  "FPR": 0.029755555555555556,
  "TN": 43661,
  "TP": 47215,
  "accuracy": 0.9616507936507936,
  "f1": 0.9630407734513635,
  "f1_attack": 0.9630407734513635,
  "f1_normal": 0.9601521782156446,
  "loss": 0.10322066707112802,
  "macro_f1": 0.961596475833504,
  "precision": 0.9724224574700334,
  "precision_attack": 0.9724224574700334,
  "precision_normal": 0.9502677055674053,
  "recall": 0.9538383838383838,
  "recall_attack": 0.9538383838383838,
  "recall_normal": 0.9702444444444445,
  "selection_split": "validation",
  "support_attack": 49500,
  "support_normal": 45000,
  "support_total": 94500,
  "test_used_for_threshold": false,
  "threshold": 0.5,
  "weighted_f1": 0.961665251910545
}
