{
  "FN": 2347,
  "FNR": 0.047414141414141416,
  "FP": 1320,
  "FPR": 0.029333333333333333,
  "TN": 43680,
  "TP": 47153,
  "accuracy": 0.9611957671957672,
  "f1": 0.9625713206699804,
  "f1_attack": 0.9625713206699804,
  "f1_normal": 0.9597152493216298,
  "latency_ms_per_sample": 0.017730554497262425,
  "loss": 0.1051875801404948,
  "macro_f1": 0.961143284995805,
  "model_size_bytes": 51622,
  "num_parameters": 12098,
  "pr_auc": 0.9940996510388925,
  "precision": 0.972768345264374,
  "precision_attack": 0.972768345264374,
  "precision_normal": 0.9490081908445043,
  "recall": 0.9525858585858585,
  "recall_attack": 0.9525858585858585,
  "recall_normal": 0.9706666666666667,
  "roc_auc": 0.9922770641975309,
  "roc_pr_warning": null,
  "support_attack": 49500,
  "support_normal": 45000,
  "support_total": 94500,
  "threshold": 0.5,
  "weighted_f1": 0.9612112866945753
}
