{
  "primary_objective": "f1_attack",
  "primary_threshold": 0.5,
  "primary_validation_metrics": {
    "FN": 2285,
    "FNR": 0.04616161616161616,
    "FP": 1339,
    "FPR": 0.029755555555555556,
    "TN": 43661,
    "TP": 47215,
    "accuracy": 0.9616507936507936,
    "f1": 0.9630407734513635,
    "f1_attack": 0.9630407734513635,
    "f1_normal": 0.9601521782156446,
    "macro_f1": 0.961596475833504,
    "precision": 0.9724224574700334,
    "precision_attack": 0.9724224574700334,
    "precision_normal": 0.9502677055674053,
    "recall": 0.9538383838383838,
    "recall_attack": 0.9538383838383838,
    "recall_normal": 0.9702444444444445,
    "support_attack": 49500,
    "support_normal": 45000,
    "support_total": 94500,
    "threshold": 0.5,
    "weighted_f1": 0.961665251910545
  },
  "secondary_objective": "recall_attack_with_fpr_control",
  "secondary_threshold": 0.45,
  "secondary_validation_metrics": {
    "FN": 1936,
    "FNR": 0.03911111111111111,
    "FP": 1850,
    "FPR": 0.04111111111111111,
    "TN": 43150,
    "TP": 47564,
    "accuracy": 0.959936507936508,
    "f1": 0.9617243261823402,
    "f1_attack": 0.9617243261823402,
    "f1_normal": 0.9579734919965367,
    "macro_f1": 0.9598489090894384,
    "precision": 0.9625612174687336,
    "precision_attack": 0.9625612174687336,
    "precision_normal": 0.9570598411923879,
    "recall": 0.9608888888888889,
    "recall_attack": 0.9608888888888889,
    "recall_normal": 0.9588888888888889,
    "support_attack": 49500,
    "support_normal": 45000,
    "support_total": 94500,
    "threshold": 0.45,
    "weighted_f1": 0.9599382146652908
  },
  "selection_split": "validation",
  "test_used_for_threshold": false
}
