{
  "accuracy": 0.627,
  "attack": {
    "f1_score": 0.7197595792637115,
    "precision": 0.5965130759651308,
    "recall": 0.9071969696969697,
    "support": 528
  },
  "macro_avg": {
    "f1_score": 0.5811054996468035
  },
  "normal": {
    "f1_score": 0.44245142002989535,
    "precision": 0.751269035532995,
    "recall": 0.3135593220338983,
    "support": 472
  },
  "weighted_avg": {
    "f1_score": 0.5888701281053503
  }
}
