{
  "gap_macro_f1_vs_p5": -0.35963601071718543,
  "p5_attack_recall": 0.9474141414141414,
  "p5_fpr": 0.06626666666666667,
  "p5_macro_f1": 0.9407415103639889,
  "p8_attack_recall": 0.9071969696969697,
  "p8_fpr": 0.6864406779661016,
  "p8_macro_f1": 0.5811054996468035
}
