{
  "FN": 149,
  "FNR": 0.10931768158473955,
  "FP": 1143,
  "FPR": 0.6982284667073916,
  "TN": 494,
  "TP": 1214,
  "accuracy": 0.5693333333333334,
  "f1": 0.6526881720430109,
  "f1_attack": 0.6526881720430109,
  "f1_normal": 0.43333333333333335,
  "macro_f1": 0.5430107526881721,
  "precision": 0.5150615188799321,
  "precision_attack": 0.5150615188799321,
  "precision_normal": 0.7682737169517885,
  "recall": 0.8906823184152605,
  "recall_attack": 0.8906823184152605,
  "recall_normal": 0.3017715332926084,
  "selection_split": "server_validation",
  "support_attack": 1363,
  "support_normal": 1637,
  "support_total": 3000,
  "test_used_for_threshold": false,
  "threshold": 0.45,
  "weighted_f1": 0.5329935483870968
}
