{
  "primary_objective": "f1_attack",
  "primary_threshold": 0.45,
  "primary_validation_metrics": {
    "FN": 149,
    "FNR": 0.10931768158473955,
    "FP": 1143,
    "FPR": 0.6982284667073916,
    "TN": 494,
    "TP": 1214,
    "accuracy": 0.5693333333333334,
    "f1": 0.6526881720430109,
    "f1_attack": 0.6526881720430109,
    "f1_normal": 0.43333333333333335,
    "macro_f1": 0.5430107526881721,
    "precision": 0.5150615188799321,
    "precision_attack": 0.5150615188799321,
    "precision_normal": 0.7682737169517885,
    "recall": 0.8906823184152605,
    "recall_attack": 0.8906823184152605,
    "recall_normal": 0.3017715332926084,
    "support_attack": 1363,
    "support_normal": 1637,
    "support_total": 3000,
    "threshold": 0.45,
    "weighted_f1": 0.5329935483870968
  },
  "secondary_objective": "recall_attack_with_fpr_control",
  "secondary_threshold": 0.55,
  "secondary_validation_metrics": {
    "FN": 1202,
    "FNR": 0.8818782098312545,
    "FP": 11,
    "FPR": 0.006719609040928528,
    "TN": 1626,
    "TP": 161,
    "accuracy": 0.5956666666666667,
    "f1": 0.20977198697068405,
    "f1_attack": 0.20977198697068405,
    "f1_normal": 0.7283314669652856,
    "macro_f1": 0.4690517269679848,
    "precision": 0.936046511627907,
    "precision_attack": 0.936046511627907,
    "precision_normal": 0.574964639321075,
    "recall": 0.11812179016874541,
    "recall_attack": 0.11812179016874541,
    "recall_normal": 0.9932803909590715,
    "support_attack": 1363,
    "support_normal": 1637,
    "support_total": 3000,
    "threshold": 0.55,
    "weighted_f1": 0.49273260988773837
  },
  "selection_split": "validation",
  "test_used_for_threshold": false
}
