{
  "binary_summary": {
    "FN": 246,
    "FNR": 0.4667931688804554,
    "FP": 272,
    "FPR": 0.5750528541226215,
    "TN": 201,
    "TP": 281,
    "accuracy": 0.482,
    "attack_recall": 0.5332068311195446,
    "f1_attack": 0.5203703703703704,
    "loss": 1.1118568687438966,
    "macro_f1": 0.4786634460547504,
    "precision_attack": 0.5081374321880651,
    "recall_attack": 0.5332068311195446,
    "robustness_score": 0.2842832015387143,
    "weighted_f1": 0.48091561996779386
  }
}