{
  "accuracy": 0.8275239451393345,
  "classes": {
    "0": {
      "FN": 34160,
      "FNR": 0.7591111111111111,
      "FP": 1365,
      "FPR": 0.0010339311197360408,
      "TN": 1318839,
      "TP": 10840,
      "class_id": 0,
      "class_name": "BruteForce",
      "f1": 0.37898785071235036,
      "precision": 0.8881605899221631,
      "recall": 0.2408888888888889,
      "support": 45000
    },
    "1": {
      "FN": 19820,
      "FNR": 0.036703703703703704,
      "FP": 76342,
      "FPR": 0.09251288166320086,
      "TN": 748862,
      "TP": 520180,
      "class_id": 1,
      "class_name": "DDoS",
      "f1": 0.9153892313567181,
      "precision": 0.8720214845387094,
      "recall": 0.9632962962962963,
      "support": 540000
    },
    "2": {
      "FN": 60391,
      "FNR": 0.33550555555555556,
      "FP": 35926,
      "FPR": 0.03031208129570943,
      "TN": 1149278,
      "TP": 119609,
      "class_id": 2,
      "class_name": "DoS",
      "f1": 0.7129449982863191,
      "precision": 0.7690166200533642,
      "recall": 0.6644944444444445,
      "support": 180000
    },
    "3": {
      "FN": 19819,
      "FNR": 0.8808444444444444,
      "FP": 1568,
      "FPR": 0.0011677927525351828,
      "TN": 1341136,
      "TP": 2681,
      "class_id": 3,
      "class_name": "Malware",
      "f1": 0.20045609181651652,
      "precision": 0.6309719934102141,
      "recall": 0.11915555555555556,
      "support": 22500
    },
    "4": {
      "FN": 1049,
      "FNR": 0.00777037037037037,
      "FP": 172,
      "FPR": 0.00013981420967579361,
      "TN": 1230032,
      "TP": 133951,
      "class_id": 4,
      "class_name": "Mirai",
      "f1": 0.9954630410630085,
      "precision": 0.9987175950433558,
      "recall": 0.9922296296296297,
      "support": 135000
    },
    "5": {
      "FN": 58455,
      "FNR": 0.2967771087395794,
      "FP": 43999,
      "FPR": 0.03766270229182752,
      "TN": 1124239,
      "TP": 138511,
      "class_id": 5,
      "class_name": "Recon",
      "f1": 0.7300119111617072,
      "precision": 0.7589227987507534,
      "recall": 0.7032228912604206,
      "support": 196966
    },
    "6": {
      "FN": 21582,
      "FNR": 0.2398,
      "FP": 17365,
      "FPR": 0.013617429054488537,
      "TN": 1257839,
      "TP": 68418,
      "class_id": 6,
      "class_name": "Spoofing",
      "f1": 0.7784370502267,
      "precision": 0.7975706142242636,
      "recall": 0.7602,
      "support": 90000
    },
    "7": {
      "FN": 20189,
      "FNR": 0.1296343859559003,
      "FP": 58728,
      "FPR": 0.04855696646288527,
      "TN": 1150738,
      "TP": 135549,
      "class_id": 7,
      "class_name": "Web-based",
      "f1": 0.7745325200348557,
      "precision": 0.6977099708148674,
      "recall": 0.8703656140440997,
      "support": 155738
    }
  },
  "macro_avg": {
    "f1_score": 0.685777836832272,
    "precision": 0.8016364583447113,
    "recall": 0.6642316650149169
  },
  "weighted_avg": {
    "f1_score": 0.815309299368495
  }
}
