{
  "p4_macro_f1": 0.961143284995805,
  "p5_macro_f1": 0.9508608573358559,
  "p6_macro_f1": 0.6355288381246096,
  "task": "l2_family",
  "with_p4": {
    "gap_macro_f1": -0.27536544816353303,
    "p4_accuracy": 0.9611957671957672,
    "p4_macro_f1": 0.961143284995805,
    "p7_accuracy": 0.8275239451393345,
    "p7_macro_f1": 0.685777836832272
  },
  "with_p5": {
    "gap_macro_f1": -0.2650830205035839,
    "p5_fpr": 0.038155555555555554,
    "p5_macro_f1": 0.9508608573358559,
    "p7_fpr": 0.02812544985625733,
    "p7_macro_f1": 0.685777836832272
  },
  "with_p6": {
    "gap_macro_f1": 0.05024899870766242,
    "p6_l2_macro_f1": 0.6355288381246096,
    "p7_macro_f1": 0.685777836832272
  }
}
