{
  "FNR_macro": 0.3351738192046485,
  "FPR_macro": 0.028067841828213327,
  "accuracy": 0.8278166893983454,
  "classification_report": {
    "accuracy": 0.8278166893983454,
    "classes": {
      "0": {
        "FN": 34056,
        "FNR": 0.7568,
        "FP": 1352,
        "FPR": 0.0010240857080961853,
        "TN": 1318850,
        "TP": 10944,
        "class_id": 0,
        "class_name": "BruteForce",
        "f1": 0.38201619659313035,
        "precision": 0.8900455432661027,
        "recall": 0.2432,
        "support": 45000
      },
      "1": {
        "FN": 19710,
        "FNR": 0.0365,
        "FP": 75989,
        "FPR": 0.09208533183390248,
        "TN": 749213,
        "TP": 520290,
        "class_id": 1,
        "class_name": "DDoS",
        "f1": 0.9157786071906636,
        "precision": 0.8725613345430578,
        "recall": 0.9635,
        "support": 540000
      },
      "2": {
        "FN": 60031,
        "FNR": 0.33350555555555556,
        "FP": 35724,
        "FPR": 0.030141697364668638,
        "TN": 1149478,
        "TP": 119969,
        "class_id": 2,
        "class_name": "DoS",
        "f1": 0.7147542546314639,
        "precision": 0.7705484511185474,
        "recall": 0.6664944444444444,
        "support": 180000
      },
      "3": {
        "FN": 19792,
        "FNR": 0.8796444444444445,
        "FP": 1599,
        "FPR": 0.0011908822657596399,
        "TN": 1341103,
        "TP": 2708,
        "class_id": 3,
        "class_name": "Malware",
        "f1": 0.2020367814376842,
        "precision": 0.62874390527049,
        "recall": 0.12035555555555555,
        "support": 22500
      },
      "4": {
        "FN": 1030,
        "FNR": 0.0076296296296296294,
        "FP": 172,
        "FPR": 0.00013981443697864252,
        "TN": 1230030,
        "TP": 133970,
        "class_id": 4,
        "class_name": "Mirai",
        "f1": 0.9955339560529386,
        "precision": 0.9987177766844091,
        "recall": 0.9923703703703703,
        "support": 135000
      },
      "5": {
        "FN": 58449,
        "FNR": 0.29674815322519227,
        "FP": 44280,
        "FPR": 0.037903267915671224,
        "TN": 1123957,
        "TP": 138516,
        "class_id": 5,
        "class_name": "Recon",
        "f1": 0.7294903900084526,
        "precision": 0.7577627519201733,
        "recall": 0.7032518467748077,
        "support": 196965
      },
      "6": {
        "FN": 21513,
        "FNR": 0.23903333333333332,
        "FP": 17312,
        "FPR": 0.013575888369058393,
        "TN": 1257890,
        "TP": 68487,
        "class_id": 6,
        "class_name": "Spoofing",
        "f1": 0.7791511897109766,
        "precision": 0.7982260865511253,
        "recall": 0.7609666666666667,
        "support": 90000
      },
      "7": {
        "FN": 20484,
        "FNR": 0.13152943744903267,
        "FP": 58637,
        "FPR": 0.048481766731571396,
        "TN": 1150828,
        "TP": 135253,
        "class_id": 7,
        "class_name": "Web-based",
        "f1": 0.7736988276077077,
        "precision": 0.6975759451235236,
        "recall": 0.8684705625509673,
        "support": 155737
      }
    },
    "macro_avg": {
      "f1_score": 0.6865575254041272,
      "precision": 0.8017727243096786,
      "recall": 0.6648261807953515
    },
    "weighted_avg": {
      "f1_score": 0.8157115725511328
    }
  },
  "confusion_matrix": [
    [
      10944,
      457,
      31,
      123,
      2,
      17375,
      1342,
      14726
    ],
    [
      3,
      520290,
      18284,
      1,
      94,
      1026,
      73,
      229
    ],
    [
      1,
      59321,
      119969,
      0,
      33,
      656,
      9,
      11
    ],
    [
      2,
      186,
      7,
      2708,
      5,
      1111,
      892,
      17589
    ],
    [
      0,
      752,
      17,
      0,
      133970,
      149,
      106,
      6
    ],
    [
      850,
      13267,
      17298,
      274,
      2,
      138516,
      8822,
      17936
    ],
    [
      62,
      467,
      33,
      204,
      21,
      12586,
      68487,
      8140
    ],
    [
      434,
      1539,
      54,
      997,
      15,
      11377,
      6068,
      135253
    ]
  ],
  "loss": 0.42926984185400396,
  "macro_f1": 0.6865575254041272,
  "one_vs_rest_rows": [
    {
      "FN": 34056,
      "FNR": 0.7568,
      "FP": 1352,
      "FPR": 0.0010240857080961853,
      "TN": 1318850,
      "TP": 10944,
      "class_id": 0,
      "class_name": "BruteForce",
      "f1": 0.38201619659313035,
      "precision": 0.8900455432661027,
      "recall": 0.2432,
      "support": 45000
    },
    {
      "FN": 19710,
      "FNR": 0.0365,
      "FP": 75989,
      "FPR": 0.09208533183390248,
      "TN": 749213,
      "TP": 520290,
      "class_id": 1,
      "class_name": "DDoS",
      "f1": 0.9157786071906636,
      "precision": 0.8725613345430578,
      "recall": 0.9635,
      "support": 540000
    },
    {
      "FN": 60031,
      "FNR": 0.33350555555555556,
      "FP": 35724,
      "FPR": 0.030141697364668638,
      "TN": 1149478,
      "TP": 119969,
      "class_id": 2,
      "class_name": "DoS",
      "f1": 0.7147542546314639,
      "precision": 0.7705484511185474,
      "recall": 0.6664944444444444,
      "support": 180000
    },
    {
      "FN": 19792,
      "FNR": 0.8796444444444445,
      "FP": 1599,
      "FPR": 0.0011908822657596399,
      "TN": 1341103,
      "TP": 2708,
      "class_id": 3,
      "class_name": "Malware",
      "f1": 0.2020367814376842,
      "precision": 0.62874390527049,
      "recall": 0.12035555555555555,
      "support": 22500
    },
    {
      "FN": 1030,
      "FNR": 0.0076296296296296294,
      "FP": 172,
      "FPR": 0.00013981443697864252,
      "TN": 1230030,
      "TP": 133970,
      "class_id": 4,
      "class_name": "Mirai",
      "f1": 0.9955339560529386,
      "precision": 0.9987177766844091,
      "recall": 0.9923703703703703,
      "support": 135000
    },
    {
      "FN": 58449,
      "FNR": 0.29674815322519227,
      "FP": 44280,
      "FPR": 0.037903267915671224,
      "TN": 1123957,
      "TP": 138516,
      "class_id": 5,
      "class_name": "Recon",
      "f1": 0.7294903900084526,
      "precision": 0.7577627519201733,
      "recall": 0.7032518467748077,
      "support": 196965
    },
    {
      "FN": 21513,
      "FNR": 0.23903333333333332,
      "FP": 17312,
      "FPR": 0.013575888369058393,
      "TN": 1257890,
      "TP": 68487,
      "class_id": 6,
      "class_name": "Spoofing",
      "f1": 0.7791511897109766,
      "precision": 0.7982260865511253,
      "recall": 0.7609666666666667,
      "support": 90000
    },
    {
      "FN": 20484,
      "FNR": 0.13152943744903267,
      "FP": 58637,
      "FPR": 0.048481766731571396,
      "TN": 1150828,
      "TP": 135253,
      "class_id": 7,
      "class_name": "Web-based",
      "f1": 0.7736988276077077,
      "precision": 0.6975759451235236,
      "recall": 0.8684705625509673,
      "support": 155737
    }
  ],
  "per_class": {
    "0": {
      "FN": 34056,
      "FNR": 0.7568,
      "FP": 1352,
      "FPR": 0.0010240857080961853,
      "TN": 1318850,
      "TP": 10944,
      "class_id": 0,
      "class_name": "BruteForce",
      "f1": 0.38201619659313035,
      "precision": 0.8900455432661027,
      "recall": 0.2432,
      "support": 45000
    },
    "1": {
      "FN": 19710,
      "FNR": 0.0365,
      "FP": 75989,
      "FPR": 0.09208533183390248,
      "TN": 749213,
      "TP": 520290,
      "class_id": 1,
      "class_name": "DDoS",
      "f1": 0.9157786071906636,
      "precision": 0.8725613345430578,
      "recall": 0.9635,
      "support": 540000
    },
    "2": {
      "FN": 60031,
      "FNR": 0.33350555555555556,
      "FP": 35724,
      "FPR": 0.030141697364668638,
      "TN": 1149478,
      "TP": 119969,
      "class_id": 2,
      "class_name": "DoS",
      "f1": 0.7147542546314639,
      "precision": 0.7705484511185474,
      "recall": 0.6664944444444444,
      "support": 180000
    },