{
  "accuracy": 0.944973544973545,
  "attack": {
    "f1_score": 0.9477281865701649,
    "precision": 0.9431772709083633,
    "recall": 0.9523232323232323,
    "support": 49500
  },
  "macro_avg": {
    "f1_score": 0.944820304187674
  },
  "normal": {
    "f1_score": 0.9419124218051832,
    "precision": 0.9469901168014375,
    "recall": 0.9368888888888889,
    "support": 45000
  },
  "weighted_avg": {
    "f1_score": 0.9449587747773165
  }
}
