{
  "gap_macro_f1_vs_p5": 0.004078793823685145,
  "p5_attack_recall": 0.9474141414141414,
  "p5_fpr": 0.06626666666666667,
  "p5_macro_f1": 0.9407415103639889,
  "p8_attack_recall": 0.9523232323232323,
  "p8_fpr": 0.06311111111111112,
  "p8_macro_f1": 0.944820304187674
}
