{
  "FN": 2340,
  "FNR": 0.04727272727272727,
  "FP": 2866,
  "FPR": 0.06368888888888889,
  "TN": 42134,
  "TP": 47160,
  "accuracy": 0.9449100529100529,
  "f1": 0.9476920603661354,
  "f1_attack": 0.9476920603661354,
  "f1_normal": 0.9418154994747077,
  "macro_f1": 0.9447537799204215,
  "precision": 0.9427097909087274,
  "precision_attack": 0.9427097909087274,
  "precision_normal": 0.9473849889823267,
  "recall": 0.9527272727272728,
  "recall_attack": 0.9527272727272728,
  "recall_normal": 0.9363111111111111,
  "selection_split": "server_validation",
  "support_attack": 49500,
  "support_normal": 45000,
  "support_total": 94500,
  "test_used_for_threshold": false,
  "threshold": 0.4,
  "weighted_f1": 0.9448936980368842
}
