{
  "primary_objective": "f1_attack",
  "primary_threshold": 0.4,
  "primary_validation_metrics": {
    "FN": 2340,
    "FNR": 0.04727272727272727,
    "FP": 2866,
    "FPR": 0.06368888888888889,
    "TN": 42134,
    "TP": 47160,
    "accuracy": 0.9449100529100529,
    "f1": 0.9476920603661354,
    "f1_attack": 0.9476920603661354,
    "f1_normal": 0.9418154994747077,
    "macro_f1": 0.9447537799204215,
    "precision": 0.9427097909087274,
    "precision_attack": 0.9427097909087274,
    "precision_normal": 0.9473849889823267,
    "recall": 0.9527272727272728,
    "recall_attack": 0.9527272727272728,
    "recall_normal": 0.9363111111111111,
    "support_attack": 49500,
    "support_normal": 45000,
    "support_total": 94500,
    "threshold": 0.4,
    "weighted_f1": 0.9448936980368842
  },
  "secondary_objective": "recall_attack_with_fpr_control",
  "secondary_threshold": 0.5,
  "secondary_validation_metrics": {
    "FN": 3199,
    "FNR": 0.06462626262626263,
    "FP": 1942,
    "FPR": 0.04315555555555556,
    "TN": 43058,
    "TP": 46301,
    "accuracy": 0.9455978835978835,
    "f1": 0.9474028830709105,
    "f1_attack": 0.9474028830709105,
    "f1_normal": 0.9436645955926669,
    "macro_f1": 0.9455337393317886,
    "precision": 0.9597454552992144,
    "precision_attack": 0.9597454552992144,
    "precision_normal": 0.9308428994530558,
    "recall": 0.9353737373737374,
    "recall_attack": 0.9353737373737374,
    "recall_normal": 0.9568444444444445,
    "support_attack": 49500,
    "support_normal": 45000,
    "support_total": 94500,
    "threshold": 0.5,
    "weighted_f1": 0.9456227461765088
  },
  "selection_split": "validation",
  "test_used_for_threshold": false
}
