{
  "accuracy": 0.9481269841269842,
  "attack": {
    "f1_score": 0.9507079076502292,
    "precision": 0.9464443020741571,
    "recall": 0.955010101010101,
    "support": 49500
  },
  "macro_avg": {
    "f1_score": 0.9479843808395867
  },
  "normal": {
    "f1_score": 0.9452608540289441,
    "precision": 0.9500134674088705,
    "recall": 0.9405555555555556,
    "support": 45000
  },
  "weighted_avg": {
    "f1_score": 0.9481140725924744
  }
}
