{
  "gap_macro_f1_vs_p5": 0.007242870475597796,
  "p5_attack_recall": 0.9474141414141414,
  "p5_fpr": 0.06626666666666667,
  "p5_macro_f1": 0.9407415103639889,
  "p8_attack_recall": 0.955010101010101,
  "p8_fpr": 0.059444444444444446,
  "p8_macro_f1": 0.9479843808395867
}
