{
  "FN": 2227,
  "FNR": 0.04498989898989899,
  "FP": 2675,
  "FPR": 0.059444444444444446,
  "TN": 42325,
  "TP": 47273,
  "accuracy": 0.9481269841269842,
  "classification_report": {
    "accuracy": 0.9481269841269842,
    "attack": {
      "f1_score": 0.9507079076502292,
      "precision": 0.9464443020741571,
      "recall": 0.955010101010101,
      "support": 49500
    },
    "macro_avg": {
      "f1_score": 0.9479843808395867
    },
    "normal": {
      "f1_score": 0.9452608540289441,
      "precision": 0.9500134674088705,
      "recall": 0.9405555555555556,
      "support": 45000
    },
    "weighted_avg": {
      "f1_score": 0.9481140725924744
    }
  },
  "f1": 0.9507079076502292,
  "f1_attack": 0.9507079076502292,
  "f1_normal": 0.9452608540289441,
  "macro_f1": 0.9479843808395867,
  "model_size_bytes": 40200,
  "num_parameters": 10050,
  "pr_auc": 0.9911491954506403,
  "precision": 0.9464443020741571,
  "precision_attack": 0.9464443020741571,
  "precision_normal": 0.9500134674088705,
  "recall": 0.955010101010101,
  "recall_attack": 0.955010101010101,
  "recall_normal": 0.9405555555555556,
  "roc_auc": 0.9887560309764309,
  "roc_pr_warning": null,
  "support_attack": 49500,
  "support_normal": 45000,
  "support_total": 94500,
  "threshold": 0.4,
  "weighted_f1": 0.9481140725924744
}
