{
  "FN": 2100,
  "FNR": 0.04242424242424243,
  "FP": 2666,
  "FPR": 0.05924444444444445,
  "TN": 42334,
  "TP": 47400,
  "accuracy": 0.9495661375661376,
  "f1": 0.9521322539822831,
  "f1_attack": 0.9521322539822831,
  "f1_normal": 0.9467093051859472,
  "macro_f1": 0.9494207795841152,
  "precision": 0.9467502896177046,
  "precision_attack": 0.9467502896177046,
  "precision_normal": 0.9527388936400054,
  "recall": 0.9575757575757575,
  "recall_attack": 0.9575757575757575,
  "recall_normal": 0.9407555555555556,
  "selection_split": "server_validation",
  "support_attack": 49500,
  "support_normal": 45000,
  "support_total": 94500,
  "test_used_for_threshold": false,
  "threshold": 0.4,
  "weighted_f1": 0.9495498974125993
}
