{
  "primary_objective": "f1_attack",
  "primary_threshold": 0.4,
  "primary_validation_metrics": {
    "FN": 2100,
    "FNR": 0.04242424242424243,
    "FP": 2666,
    "FPR": 0.05924444444444445,
    "TN": 42334,
    "TP": 47400,
    "accuracy": 0.9495661375661376,
    "f1": 0.9521322539822831,
    "f1_attack": 0.9521322539822831,
    "f1_normal": 0.9467093051859472,
    "macro_f1": 0.9494207795841152,
    "precision": 0.9467502896177046,
    "precision_attack": 0.9467502896177046,
    "precision_normal": 0.9527388936400054,
    "recall": 0.9575757575757575,
    "recall_attack": 0.9575757575757575,
    "recall_normal": 0.9407555555555556,
    "support_attack": 49500,
    "support_normal": 45000,
    "support_total": 94500,
    "threshold": 0.4,
    "weighted_f1": 0.9495498974125993
  },
  "secondary_objective": "recall_attack_with_fpr_control",
  "secondary_threshold": 0.45,
  "secondary_validation_metrics": {
    "FN": 2963,
    "FNR": 0.05985858585858586,
    "FP": 2102,
    "FPR": 0.04671111111111111,
    "TN": 42898,
    "TP": 46537,
    "accuracy": 0.9464021164021164,
    "f1": 0.9483895291372441,
    "f1_attack": 0.9483895291372441,
    "f1_normal": 0.9442555111654065,
    "macro_f1": 0.9463225201513252,
    "precision": 0.9567836509796666,
    "precision_attack": 0.9567836509796666,
    "precision_normal": 0.9353917271755958,
    "recall": 0.9401414141414142,
    "recall_attack": 0.9401414141414142,
    "recall_normal": 0.9532888888888889,
    "support_attack": 49500,
    "support_normal": 45000,
    "support_total": 94500,
    "threshold": 0.45,
    "weighted_f1": 0.9464209491506548
  },
  "selection_split": "validation",
  "test_used_for_threshold": false
}
