{
  "primary_objective": "f1_attack",
  "primary_threshold": 0.05,
  "primary_validation_metrics": {
    "FN": 0,
    "FNR": 0.0,
    "FP": 712,
    "FPR": 1.0,
    "TN": 0,
    "TP": 1471,
    "accuracy": 0.673843334860284,
    "f1": 0.8051450465243568,
    "f1_attack": 0.8051450465243568,
    "f1_normal": 0.0,
    "macro_f1": 0.4025725232621784,
    "precision": 0.673843334860284,
    "precision_attack": 0.673843334860284,
    "precision_normal": 0.0,
    "recall": 1.0,
    "recall_attack": 1.0,
    "recall_normal": 0.0,
    "support_attack": 1471,
    "support_normal": 712,
    "support_total": 2183,
    "threshold": 0.05,
    "weighted_f1": 0.5425416231962111
  },
  "secondary_objective": "recall_attack_with_fpr_control",
  "secondary_threshold": 0.75,
  "secondary_validation_metrics": {
    "FN": 1460,
    "FNR": 0.9925220938137321,
    "FP": 9,
    "FPR": 0.012640449438202247,
    "TN": 703,
    "TP": 11,
    "accuracy": 0.32707283554741184,
    "f1": 0.014755197853789405,
    "f1_attack": 0.014755197853789405,
    "f1_normal": 0.48904347826086964,
    "macro_f1": 0.2518993380573295,
    "precision": 0.55,
    "precision_attack": 0.55,
    "precision_normal": 0.32501155802126674,
    "recall": 0.007477906186267845,
    "recall_attack": 0.007477906186267845,
    "recall_normal": 0.9873595505617978,
    "support_attack": 1471,
    "support_normal": 712,
    "support_total": 2183,
    "threshold": 0.75,
    "weighted_f1": 0.16944748170621318
  },
  "selection_split": "validation",
  "test_used_for_threshold": false
}
