{
  "accuracy": 0.9473544973544974,
  "attack": {
    "f1_score": 0.9499974873109203,
    "precision": 0.9452945294529453,
    "recall": 0.9547474747474748,
    "support": 49500
  },
  "macro_avg": {
    "f1_score": 0.9472070001774421
  },
  "normal": {
    "f1_score": 0.9444165130439639,
    "precision": 0.9496685765644309,
    "recall": 0.9392222222222222,
    "support": 45000
  },
  "weighted_avg": {
    "f1_score": 0.9473398805171316
  }
}
