{
  "p4_macro_f1": 0.961143284995805,
  "p5_macro_f1": 0.9516487417379319,
  "p6_macro_f1": 0.6355288381246096,
  "task": "l1_binary",
  "with_p4": {
    "gap_macro_f1": -0.013936284818362954,
    "p4_accuracy": 0.9611957671957672,
    "p4_macro_f1": 0.961143284995805,
    "p7_accuracy": 0.9473544973544974,
    "p7_macro_f1": 0.9472070001774421
  },
  "with_p5": {
    "gap_macro_f1": -0.00444174156048982,
    "p5_fpr": 0.03253333333333333,
    "p5_macro_f1": 0.9516487417379319,
    "p7_fpr": 0.06077777777777778,
    "p7_macro_f1": 0.9472070001774421
  },
  "with_p6": {
    "gap_macro_f1": 0.3116781620528325,
    "p6_l2_macro_f1": 0.6355288381246096,
    "p7_macro_f1": 0.9472070001774421
  }
}
