{
  "FN": 2147,
  "FNR": 0.04337373737373738,
  "FP": 2630,
  "FPR": 0.058444444444444445,
  "TN": 42370,
  "TP": 47353,
  "accuracy": 0.9494497354497354,
  "classification_report": {
    "accuracy": 0.9494497354497354,
    "attack": {
      "f1_score": 0.9519817456248806,
      "precision": 0.9473821099173719,
      "recall": 0.9566262626262626,
      "support": 49500
    },
    "macro_avg": {
      "f1_score": 0.9493087900795516
    },
    "normal": {
      "f1_score": 0.9466358345342225,
      "precision": 0.9517712334613743,
      "recall": 0.9415555555555556,
      "support": 45000
    },
    "weighted_avg": {
      "f1_score": 0.9494360736769482
    }
  },
  "confusion_matrix": [
    [
      42370,
      2630
    ],
    [
      2147,
      47353
    ]
  ],
  "f1": 0.9519817456248806,
  "f1_attack": 0.9519817456248806,
  "f1_normal": 0.9466358345342225,
  "loss": 0.12217648137123027,
  "macro_f1": 0.9493087900795516,
  "one_vs_rest_rows": [
    {
      "FN": 2630,
      "FP": 2147,
      "TN": 47353,
      "TP": 42370,
      "class_id": 0,
      "class_name": "normal",
      "f1": 0.9466358345342225,
      "precision": 0.9517712334613743,
      "recall": 0.9415555555555556
    },
    {
      "FN": 2147,
      "FP": 2630,
      "TN": 42370,
      "TP": 47353,
      "class_id": 1,
      "class_name": "attack",
      "f1": 0.9519817456248806,
      "precision": 0.9473821099173719,
      "recall": 0.9566262626262626
    }
  ],
  "precision": 0.9473821099173719,
  "precision_attack": 0.9473821099173719,
  "precision_normal": 0.9517712334613743,
  "recall": 0.9566262626262626,
  "recall_attack": 0.9566262626262626,
  "recall_normal": 0.9415555555555556,
  "support_attack": 49500,
  "support_normal": 45000,
  "support_total": 94500,
  "weighted_f1": 0.9494360736769482
}
