{
  "FN": 2240,
  "FNR": 0.04525252525252525,
  "FP": 2735,
  "FPR": 0.06077777777777778,
  "TN": 42265,
  "TP": 47260,
  "accuracy": 0.9473544973544974,
  "classification_report": {
    "accuracy": 0.9473544973544974,
    "attack": {
      "f1_score": 0.9499974873109203,
      "precision": 0.9452945294529453,
      "recall": 0.9547474747474748,
      "support": 49500
    },
    "macro_avg": {
      "f1_score": 0.9472070001774421
    },
    "normal": {
      "f1_score": 0.9444165130439639,
      "precision": 0.9496685765644309,
      "recall": 0.9392222222222222,
      "support": 45000
    },
    "weighted_avg": {
      "f1_score": 0.9473398805171316
    }
  },
  "confusion_matrix": [
    [
      42265,
      2735
    ],
    [
      2240,
      47260
    ]
  ],
  "f1": 0.9499974873109203,
  "f1_attack": 0.9499974873109203,
  "f1_normal": 0.9444165130439639,
  "loss": 0.12514785090659528,
  "macro_f1": 0.9472070001774421,
  "one_vs_rest_rows": [
    {
      "FN": 2735,
      "FP": 2240,
      "TN": 47260,
      "TP": 42265,
      "class_id": 0,
      "class_name": "normal",
      "f1": 0.9444165130439639,
      "precision": 0.9496685765644309,
      "recall": 0.9392222222222222
    },
    {
      "FN": 2240,
      "FP": 2735,
      "TN": 42265,
      "TP": 47260,
      "class_id": 1,
      "class_name": "attack",
      "f1": 0.9499974873109203,
      "precision": 0.9452945294529453,
      "recall": 0.9547474747474748
    }
  ],
  "precision": 0.9452945294529453,
  "precision_attack": 0.9452945294529453,
  "precision_normal": 0.9496685765644309,
  "recall": 0.9547474747474748,
  "recall_attack": 0.9547474747474748,
  "recall_normal": 0.9392222222222222,
  "support_attack": 49500,
  "support_normal": 45000,
  "support_total": 94500,
  "weighted_f1": 0.9473398805171316
}
