{
  "Backdoor_Malware": {
    "precision": 0.7974971558589306,
    "recall": 0.06231111111111111,
    "f1-score": 0.115590732954077,
    "support": 22500.0
  },
  "BenignTraffic": {
    "precision": 0.35687432867883995,
    "recall": 0.8564666666666667,
    "f1-score": 0.50381709325734,
    "support": 45000.0
  },
  "BrowserHijacking": {
    "precision": 0.4710718119667778,
    "recall": 0.37947749305903233,
    "f1-score": 0.42034282833375347,
    "support": 43942.0
  },
  "CommandInjection": {
    "precision": 0.5757926405924555,
    "recall": 0.4293038848353382,
    "f1-score": 0.4918731907081833,
    "support": 40568.0
  },
  "DDoS-ACK_Fragmentation": {
    "precision": 0.9920420825465336,
    "recall": 0.9806666666666667,
    "f1-score": 0.9863215770417058,
    "support": 45000.0
  },
  "DDoS-HTTP_Flood": {
    "precision": 0.9768517052471579,
    "recall": 0.6855111111111111,
    "f1-score": 0.8056516799644812,
    "support": 45000.0
  },
  "DDoS-ICMP_Flood": {
    "precision": 0.99977752564017,
    "recall": 0.9986444444444444,
    "f1-score": 0.9992106638206094,
    "support": 45000.0
  },
  "DDoS-ICMP_Fragmentation": {
    "precision": 0.998209753444525,
    "recall": 0.9788666666666667,
    "f1-score": 0.9884435867516381,
    "support": 45000.0
  },
  "DDoS-PSHACK_Flood": {
    "precision": 0.9907825893354113,
    "recall": 0.9889111111111111,
    "f1-score": 0.9898459656342101,
    "support": 45000.0
  },
  "DDoS-RSTFINFlood": {
    "precision": 0.9864986498649865,
    "recall": 0.9985777777777778,
    "f1-score": 0.9925014632637961,
    "support": 45000.0
  },
  "DDoS-SYN_Flood": {
    "precision": 0.9761098526423951,
    "recall": 0.9288444444444445,
    "f1-score": 0.9518907778321813,
    "support": 45000.0
  },
  "DDoS-SlowLoris": {
    "precision": 0.7435265538911088,
    "recall": 0.9386444444444444,
    "f1-score": 0.829769470282588,
    "support": 45000.0
  },
  "DDoS-SynonymousIP_Flood": {
    "precision": 0.9584072498771026,
    "recall": 0.9964666666666666,
    "f1-score": 0.9770664691078257,
    "support": 45000.0
  },
  "DDoS-TCP_Flood": {
    "precision": 0.9985302304865827,
    "recall": 0.9964222222222222,
    "f1-score": 0.9974751126188754,
    "support": 45000.0
  },
  "DDoS-UDP_Flood": {
    "precision": 0.9951764180437696,
    "recall": 0.9903111111111111,
    "f1-score": 0.9927378035197149,
    "support": 45000.0
  },
  "DDoS-UDP_Fragmentation": {
    "precision": 0.991247509681463,
    "recall": 0.9840444444444445,
    "f1-score": 0.9876328437768336,
    "support": 45000.0
  },
  "DNS_Spoofing": {
    "precision": 0.7584726949829806,
    "recall": 0.22777777777777777,
    "f1-score": 0.3503435075366579,
    "support": 45000.0
  },
  "DictionaryBruteForce": {
    "precision": 0.28569698600645854,
    "recall": 0.47184444444444446,
    "f1-score": 0.35590010056989607,
    "support": 45000.0
  },
  "DoS-HTTP_Flood": {
    "precision": 0.9036524844784983,
    "recall": 0.9670888888888889,
    "f1-score": 0.934295129831793,
    "support": 45000.0
  },
  "DoS-SYN_Flood": {
    "precision": 0.9554686651460845,
    "recall": 0.9774444444444444,
    "f1-score": 0.9663316306914923,
    "support": 45000.0
  },
  "DoS-TCP_Flood": {
    "precision": 0.9952197789981546,
    "recall": 0.9947111111111111,
    "f1-score": 0.9949653800415662,
    "support": 45000.0
  },
  "DoS-UDP_Flood": {
    "precision": 0.9884195433991397,
    "recall": 0.9957777777777778,
    "f1-score": 0.9920850168816073,
    "support": 45000.0
  },
  "MITM-ArpSpoofing": {
    "precision": 0.7271441894046509,
    "recall": 0.5371333333333334,
    "f1-score": 0.6178602011732979,
    "support": 45000.0
  },
  "Mirai-greeth_flood": {
    "precision": 0.9121123512211194,
    "recall": 0.9843111111111111,
    "f1-score": 0.9468373912485838,
    "support": 45000.0
  },
  "Mirai-greip_flood": {
    "precision": 0.987412450408973,
    "recall": 0.896,
    "f1-score": 0.9394878486380688,
    "support": 45000.0
  },
  "Mirai-udpplain": {
    "precision": 0.9968279497833177,
    "recall": 0.9916444444444444,
    "f1-score": 0.9942294409910211,
    "support": 45000.0
  },
  "Recon-HostDiscovery": {
    "precision": 0.9722088198398148,
    "recall": 0.2238888888888889,
    "f1-score": 0.36396149052616367,
    "support": 45000.0
  },
  "Recon-OSScan": {
    "precision": 0.3680891626338173,
    "recall": 0.16733333333333333,
    "f1-score": 0.2300747055318759,
    "support": 45000.0
  },
  "Recon-PingSweep": {
    "precision": 0.15374260512239188,
    "recall": 0.5116416150898909,
    "f1-score": 0.23643817332443512,
    "support": 16965.0
  },
  "Recon-PortScan": {
    "precision": 0.3796648808845321,
    "recall": 0.3700888888888889,
    "f1-score": 0.3748157317279019,
    "support": 45000.0
  },
  "SqlInjection": {
    "precision": 0.558933582787652,
    "recall": 0.3037775179216025,
    "f1-score": 0.393622978358971,
    "support": 39338.0
  },
  "Uploading_Attack": {
    "precision": 0.09100216712454993,
    "recall": 0.5679446219382321,
    "f1-score": 0.15686908946509198,
    "support": 9390.0
  },
  "VulnerabilityScan": {
    "precision": 0.8807881566219455,
    "recall": 0.9307777777777778,
    "f1-score": 0.9050932428636256,
    "support": 45000.0
  },
  "XSS": {
    "precision": NaN,
    "recall": 0.0,
    "f1-score": 0.0,
    "support": 22500.0
  },
  "accuracy": 0.7474633084740282,
  "macro avg": {
    "precision": 0.7794925008073421,
    "recall": 0.715078124822212,
    "f1-score": 0.6995112446549959,
    "support": 1410203.0
  },
  "weighted avg": {
    "precision": 0.811295304312418,
    "recall": 0.7474633084740282,
    "f1-score": 0.7449873261995688,
    "support": 1410203.0
  }
}