{
  "p4_macro_f1": 0.961143284995805,
  "p5_macro_f1": 0.9407415103639889,
  "p6_macro_f1": 0.6355288381246096,
  "task": "l2_family",
  "with_p4": {
    "gap_macro_f1": -0.857768336280813,
    "p4_accuracy": 0.9611957671957672,
    "p4_macro_f1": 0.961143284995805,
    "p7_accuracy": 0.375,
    "p7_macro_f1": 0.10337494871499209
  },
  "with_p5": {
    "gap_macro_f1": -0.8373665616489968,
    "p5_fpr": 0.06626666666666667,
    "p5_macro_f1": 0.9407415103639889,
    "p7_fpr": 0.11255897766460814,
    "p7_macro_f1": 0.10337494871499209
  },
  "with_p6": {
    "gap_macro_f1": -0.5321538894096175,
    "p6_l2_macro_f1": 0.6355288381246096,
    "p7_macro_f1": 0.10337494871499209
  }
}
