{
  "complete": true,
  "expected_scenario_count": 9,
  "missing": [],
  "rows": [
    {
      "accuracy": 0.9012804232804232,
      "alpha": 0.1,
      "alpha_regime": "extreme_noniid",
      "attack_recall": 0.8734141414141414,
      "bandwidth_per_round_bytes": 290352,
      "bandwidth_total_bytes": 8710560,
      "best_round": 29,
      "clients": 3,
      "fnr": 0.12658585858585858,
      "fpr": 0.06806666666666666,
      "gap_accuracy_vs_p4": -0.05991534391534392,
      "gap_attack_recall_vs_p4": -0.07917171717171712,
      "gap_fpr_vs_p4": 0.03873333333333333,
      "gap_macro_f1_vs_p4": -0.05988146122252802,
      "k_regime": "low",
      "macro_f1": 0.901261823773277,
      "model_size_bytes": 48392,
      "output_dir": "experiments/qi-fl-ids-iot-final/outputs/fl_l1_fedavg/alpha_0.1/k3",
      "p4_accuracy": 0.9611957671957672,
      "p4_attack_recall": 0.9525858585858585,
      "p4_fpr": 0.029333333333333333,
      "p4_macro_f1": 0.961143284995805,
      "precision_attack": 0.9338402056288745,
      "recall_attack": 0.8734141414141414,
      "rounds": 30,
      "scenario": "alpha=0.1 K=3",
      "scenario_rank": 8,
      "weighted_f1": 0.9013263556022345
    },
    {
      "accuracy": 0.9162010582010582,
      "alpha": 0.1,
      "alpha_regime": "extreme_noniid",
      "attack_recall": 0.8817171717171717,
      "bandwidth_per_round_bytes": 387136,
      "bandwidth_total_bytes": 11614080,
      "best_round": 21,
      "clients": 4,
      "fnr": 0.11828282828282828,
      "fpr": 0.04586666666666667,
      "gap_accuracy_vs_p4": -0.04499470899470892,
      "gap_attack_recall_vs_p4": -0.07086868686868686,
      "gap_fpr_vs_p4": 0.016533333333333334,
      "gap_macro_f1_vs_p4": -0.044946944076698525,
      "k_regime": "medium",
      "macro_f1": 0.9161963409191065,
      "model_size_bytes": 48392,
      "output_dir": "experiments/qi-fl-ids-iot-final/outputs/fl_l1_fedavg/alpha_0.1/k4",
      "p4_accuracy": 0.9611957671957672,
      "p4_attack_recall": 0.9525858585858585,
      "p4_fpr": 0.029333333333333333,
      "p4_macro_f1": 0.961143284995805,
      "precision_attack": 0.9548447789275635,
      "recall_attack": 0.8817171717171717,
      "rounds": 30,
      "scenario": "alpha=0.1 K=4",
      "scenario_rank": 7,
      "weighted_f1": 0.9162262813546259
    },
    {
      "accuracy": 0.8141375661375662,
      "alpha": 0.1,
      "alpha_regime": "extreme_noniid",
      "attack_recall": 0.9411919191919192,
      "bandwidth_per_round_bytes": 483920,
      "bandwidth_total_bytes": 14517600,
      "best_round": 24,
      "clients": 5,
      "fnr": 0.05880808080808081,
      "fpr": 0.3256222222222222,
      "gap_accuracy_vs_p4": -0.147058201058201,
      "gap_attack_recall_vs_p4": -0.01139393939393929,
      "gap_fpr_vs_p4": 0.2962888888888889,
      "gap_macro_f1_vs_p4": -0.15266328350237646,
      "k_regime": "high_client_count",
      "macro_f1": 0.8084800014934286,
      "model_size_bytes": 48392,
      "output_dir": "experiments/qi-fl-ids-iot-final/outputs/fl_l1_fedavg/alpha_0.1/k5",
      "p4_accuracy": 0.9611957671957672,
      "p4_attack_recall": 0.9525858585858585,
      "p4_fpr": 0.029333333333333333,
      "p4_macro_f1": 0.961143284995805,
      "precision_attack": 0.7607360961431697,
      "recall_attack": 0.9411919191919192,
      "rounds": 30,
      "scenario": "alpha=0.1 K=5",
      "scenario_rank": 9,
      "weighted_f1": 0.8100474833859675
    },
    {
      "accuracy": 0.9408994708994709,
      "alpha": 0.5,
      "alpha_regime": "realistic_noniid",
      "attack_recall": 0.9474141414141414,
      "bandwidth_per_round_bytes": 290352,
      "bandwidth_total_bytes": 8710560,
      "best_round": 22,
      "clients": 3,
      "fnr": 0.05258585858585858,
      "fpr": 0.06626666666666667,
      "gap_accuracy_vs_p4": -0.020296296296296257,
      "gap_attack_recall_vs_p4": -0.005171717171717161,
      "gap_fpr_vs_p4": 0.03693333333333333,
      "gap_macro_f1_vs_p4": -0.02040177463181614,
      "k_regime": "low",
      "macro_f1": 0.9407415103639889,
      "model_size_bytes": 48392,
      "output_dir": "experiments/qi-fl-ids-iot-final/outputs/fl_l1_fedavg/alpha_0.5/k3",
      "p4_accuracy": 0.9611957671957672,
      "p4_attack_recall": 0.9525858585858585,
      "p4_fpr": 0.029333333333333333,
      "p4_macro_f1": 0.961143284995805,
      "precision_attack": 0.9402153210770063,
      "recall_attack": 0.9474141414141414,
      "rounds": 30,
      "scenario": "alpha=0.5 K=3",
      "scenario_rank": 6,
      "weighted_f1": 0.940887200548385
    },
    {
      "accuracy": 0.9471322751322752,
      "alpha": 0.5,
      "alpha_regime": "realistic_noniid",
      "attack_recall": 0.9424646464646464,
      "bandwidth_per_round_bytes": 387136,
      "bandwidth_total_bytes": 11614080,
      "best_round": 30,
      "clients": 4,
      "fnr": 0.05753535353535354,
      "fpr": 0.047733333333333336,
      "gap_accuracy_vs_p4": -0.014063492063492,
      "gap_attack_recall_vs_p4": -0.010121212121212086,
      "gap_fpr_vs_p4": 0.018400000000000003,
      "gap_macro_f1_vs_p4": -0.014096634158696553,
      "k_regime": "medium",
      "macro_f1": 0.9470466508371085,
      "model_size_bytes": 48392,
      "output_dir": "experiments/qi-fl-ids-iot-final/outputs/fl_l1_fedavg/alpha_0.5/k4",
      "p4_accuracy": 0.9611957671957672,
      "p4_attack_recall": 0.9525858585858585,
      "p4_fpr": 0.029333333333333333,
      "p4_macro_f1": 0.961143284995805,
      "precision_attack": 0.955983606557377,
      "recall_attack": 0.9424646464646464,
      "rounds": 30,
      "scenario": "alpha=0.5 K=4",
      "scenario_rank": 5,
      "weighted_f1": 0.9471480480287532
    },
    {
      "accuracy": 0.9535132275132275,
      "alpha": 0.5,
      "alpha_regime": "realistic_noniid",
      "attack_recall": 0.9456363636363636,
      "bandwidth_per_round_bytes": 483920,
      "bandwidth_total_bytes": 14517600,
      "best_round": 28,
      "clients": 5,
      "fnr": 0.054363636363636364,
      "fpr": 0.03782222222222222,
      "gap_accuracy_vs_p4": -0.007682539682539624,
      "gap_attack_recall_vs_p4": -0.006949494949494928,
      "gap_fpr_vs_p4": 0.00848888888888889,
      "gap_macro_f1_vs_p4": -0.00769431550287214,
      "k_regime": "high_client_count",
      "macro_f1": 0.9534489694929329,
      "model_size_bytes": 48392,
      "output_dir": "experiments/qi-fl-ids-iot-final/outputs/fl_l1_fedavg/alpha_0.5/k5",
      "p4_accuracy": 0.9611957671957672,
      "p4_attack_recall": 0.9525858585858585,
      "p4_fpr": 0.029333333333333333,
      "p4_macro_f1": 0.961143284995805,
      "precision_attack": 0.9649151738780896,
      "recall_attack": 0.9456363636363636,
      "rounds": 30,
      "scenario": "alpha=0.5 K=5",
      "scenario_rank": 2,
      "weighted_f1": 0.9535313281062412
    },
    {
      "accuracy": 0.9545396825396826,
      "alpha": 5.0,
      "alpha_regime": "quasi_iid",
      "attack_recall": 0.9481212121212121,
      "bandwidth_per_round_bytes": 290352,
      "bandwidth_total_bytes": 8710560,
      "best_round": 30,
      "clients": 3,
      "fnr": 0.05187878787878788,
      "fpr": 0.0384,
      "gap_accuracy_vs_p4": -0.006656084656084582,
      "gap_attack_recall_vs_p4": -0.0044646464646463935,
      "gap_fpr_vs_p4": 0.009066666666666664,
      "gap_macro_f1_vs_p4": -0.006671896520514808,
      "k_regime": "low",
      "macro_f1": 0.9544713884752902,
      "model_size_bytes": 48392,
      "output_dir": "experiments/qi-fl-ids-iot-final/outputs/fl_l1_fedavg/alpha_5.0/k3",
      "p4_accuracy": 0.9611957671957672,
      "p4_attack_recall": 0.9525858585858585,
      "p4_fpr": 0.029333333333333333,
      "p4_macro_f1": 0.961143284995805,
      "precision_attack": 0.9644882860665844,
      "recall_attack": 0.9481212121212121,
      "rounds": 30,
      "scenario": "alpha=5.0 K=3",
      "scenario_rank": 1,
      "weighted_f1": 0.9545553565872481
    },
    {
      "accuracy": 0.9516931216931217,
      "alpha": 5.0,
      "alpha_regime": "quasi_iid",