mask_id,profile,seed,alpha,clients,rounds,features_count,val_macro_f1,val_macro_recall,val_macro_precision,val_macro_fpr,val_weighted_f1,bandwidth_total_bytes,model_size_bytes,true_flower_runtime,test_sent_to_clients,accepted,run_id
conservative_l2_seed_123,conservative_l2,123,0.1,3,5,19,0.30464379115507934,0.33454340504373375,0.34050341616454205,0.07363690537755964,0.48103516140559704,1360320,45344,True,False,True,run_20260509_170119
conservative_l2_seed_42,conservative_l2,42,0.1,3,5,24,0.2537455730924867,0.26052848500554293,0.30178658227191485,0.09784170012731097,0.36302067691641415,1437120,47904,True,False,True,run_20260509_170312
conservative_l2_seed_2026,conservative_l2,2026,0.1,3,5,24,0.17728788884038102,0.19610014162599854,0.22521416098137492,0.10528218263021472,0.28978714992323534,1437120,47904,True,False,True,run_20260509_170506
conservative_l2_seed_123,conservative_l2,123,0.5,3,5,19,0.19336395846428928,0.26258454876928883,0.2199674890921582,0.1116437442293933,0.17770930051081435,1360320,45344,True,False,True,run_20260509_170157
conservative_l2_seed_42,conservative_l2,42,0.5,3,5,24,0.17422216118872696,0.23254925864999504,0.20874926007085448,0.11317895121530946,0.20667826447495358,1437120,47904,True,False,True,run_20260509_170350
conservative_l2_seed_2026,conservative_l2,2026,0.5,3,5,24,0.12970769986194358,0.1729950624228479,0.1934394263121041,0.11942935406075383,0.13660260386044643,1437120,47904,True,False,True,run_20260509_170539
conservative_l2_seed_123,conservative_l2,123,5.0,3,5,19,0.1692268412628463,0.20969885838649555,0.27573758901407164,0.11463040865364069,0.19135189407488468,1360320,45344,True,False,True,run_20260509_170234
conservative_l2_seed_42,conservative_l2,42,5.0,3,5,24,0.21476910029366017,0.2332523126005891,0.31108721548334173,0.11390332164816482,0.26049235943412175,1437120,47904,True,False,True,run_20260509_170429
conservative_l2_seed_2026,conservative_l2,2026,5.0,3,5,24,0.2887875520533307,0.33177746839858424,0.34160891150218886,0.09710791074973044,0.28035491955853137,1437120,47904,True,False,True,run_20260509_170616
