{
  "FNR_macro": 0.6654565949562663,
  "FPR_macro": 0.07363690537755964,
  "accuracy": 0.49566666666666664,
  "class_names": [
    "0",
    "1",
    "2",
    "3",
    "4",
    "5",
    "6",
    "7"
  ],
  "confusion_matrix": [
    [
      2,
      3,
      8,
      2,
      7,
      8,
      18,
      82
    ],
    [
      12,
      205,
      177,
      4,
      53,
      161,
      3,
      67
    ],
    [
      1,
      2,
      66,
      4,
      46,
      86,
      0,
      7
    ],
    [
      1,
      0,
      0,
      4,
      6,
      0,
      9,
      26
    ],
    [
      11,
      1,
      21,
      9,
      911,
      20,
      7,
      3
    ],
    [
      3,
      3,
      132,
      11,
      30,
      33,
      36,
      229
    ],
    [
      0,
      1,
      0,
      1,
      16,
      1,
      36,
      55
    ],
    [
      0,
      6,
      5,
      13,
      41,
      21,
      44,
      230
    ]
  ],
  "loss": 2.4266964197158813,
  "macro_f1": 0.30464379115507934,
  "per_class": {
    "0": {
      "FN": 128,
      "FNR": 0.9846153846153847,
      "FP": 28,
      "FPR": 0.00975609756097561,
      "TN": 2842,
      "TP": 2,
      "class_id": 0,
      "class_name": "0",
      "f1": 0.025,
      "precision": 0.06666666666666667,
      "recall": 0.015384615384615385,
      "support": 130
    },
    "1": {
      "FN": 477,
      "FNR": 0.6994134897360704,
      "FP": 16,
      "FPR": 0.006902502157031924,
      "TN": 2302,
      "TP": 205,
      "class_id": 1,
      "class_name": "1",
      "f1": 0.45404208194905876,
      "precision": 0.9276018099547512,
      "recall": 0.30058651026392963,
      "support": 682
    },
    "2": {
      "FN": 146,
      "FNR": 0.6886792452830188,
      "FP": 343,
      "FPR": 0.12302725968436155,
      "TN": 2445,
      "TP": 66,
      "class_id": 2,
      "class_name": "2",
      "f1": 0.21256038647342992,
      "precision": 0.16136919315403422,
      "recall": 0.3113207547169811,
      "support": 212
    },
    "3": {
      "FN": 42,
      "FNR": 0.9130434782608695,
      "FP": 44,
      "FPR": 0.014895057549085985,
      "TN": 2910,
      "TP": 4,
      "class_id": 3,
      "class_name": "3",
      "f1": 0.0851063829787234,
      "precision": 0.08333333333333333,
      "recall": 0.08695652173913043,
      "support": 46
    },
    "4": {
      "FN": 72,
      "FNR": 0.07324516785350967,
      "FP": 199,
      "FPR": 0.09866137828458106,
      "TN": 1818,
      "TP": 911,
      "class_id": 4,
      "class_name": "4",
      "f1": 0.8705207835642618,
      "precision": 0.8207207207207208,
      "recall": 0.9267548321464903,
      "support": 983
    },
    "5": {
      "FN": 444,
      "FNR": 0.9308176100628931,
      "FP": 297,
      "FPR": 0.11771700356718193,
      "TN": 2226,
      "TP": 33,
      "class_id": 5,
      "class_name": "5",
      "f1": 0.08178438661710037,
      "precision": 0.1,
      "recall": 0.06918238993710692,
      "support": 477
    },
    "6": {
      "FN": 74,
      "FNR": 0.6727272727272727,
      "FP": 117,
      "FPR": 0.04048442906574395,
      "TN": 2773,
      "TP": 36,
      "class_id": 6,
      "class_name": "6",
      "f1": 0.27376425855513314,
      "precision": 0.23529411764705882,
      "recall": 0.32727272727272727,
      "support": 110
    },
    "7": {
      "FN": 130,
      "FNR": 0.3611111111111111,
      "FP": 469,
      "FPR": 0.17765151515151514,
      "TN": 2171,
      "TP": 230,
      "class_id": 7,
      "class_name": "7",
      "f1": 0.43437204910292726,
      "precision": 0.3290414878397711,
      "recall": 0.6388888888888888,
      "support": 360
    }
  },
  "precision_macro": 0.34050341616454205,
  "recall_macro": 0.33454340504373375,
  "support_total": 3000,
  "weighted_f1": 0.48103516140559704
}
