{
  "accuracy": 0.8618941798941799,
  "attack": {
    "f1_score": 0.8824731870289156,
    "precision": 0.7961070401481795,
    "recall": 0.9898585858585859,
    "support": 49500
  },
  "macro_avg": {
    "f1_score": 0.8575258960429044
  },
  "normal": {
    "f1_score": 0.8325786050568933,
    "precision": 0.9847661821381968,
    "recall": 0.7211333333333333,
    "support": 45000
  },
  "weighted_avg": {
    "f1_score": 0.8587138622803336
  }
}
