{
  "p4_macro_f1": 0.961143284995805,
  "p5_macro_f1": 0.9534489694929329,
  "p6_macro_f1": 0.6355288381246096,
  "task": "l1_binary",
  "with_p4": {
    "gap_macro_f1": -0.10361738895290062,
    "p4_accuracy": 0.9611957671957672,
    "p4_macro_f1": 0.961143284995805,
    "p7_accuracy": 0.8618941798941799,
    "p7_macro_f1": 0.8575258960429044
  },
  "with_p5": {
    "gap_macro_f1": -0.09592307345002848,
    "p5_fpr": 0.03782222222222222,
    "p5_macro_f1": 0.9534489694929329,
    "p7_fpr": 0.27886666666666665,
    "p7_macro_f1": 0.8575258960429044
  },
  "with_p6": {
    "gap_macro_f1": 0.22199705791829483,
    "p6_l2_macro_f1": 0.6355288381246096,
    "p7_macro_f1": 0.8575258960429044
  }
}
