{
  "FN": 505,
  "FNR": 0.010202020202020202,
  "FP": 12389,
  "FPR": 0.2753111111111111,
  "TN": 32611,
  "TP": 48995,
  "accuracy": 0.8635555555555555,
  "classification_report": {
    "accuracy": 0.8635555555555555,
    "attack": {
      "f1_score": 0.8837163161502111,
      "precision": 0.7981721621269386,
      "recall": 0.9897979797979798,
      "support": 49500
    },
    "macro_avg": {
      "f1_score": 0.8593270504915119
    },
    "normal": {
      "f1_score": 0.8349377848328128,
      "precision": 0.98475057374079,
      "recall": 0.7246888888888889,
      "support": 45000
    },
    "weighted_avg": {
      "f1_score": 0.8604884440943071
    }
  },
  "confusion_matrix": [
    [
      32611,
      12389
    ],
    [
      505,
      48995
    ]
  ],
  "f1": 0.8837163161502111,
  "f1_attack": 0.8837163161502111,
  "f1_normal": 0.8349377848328128,
  "loss": 0.32233776033241696,
  "macro_f1": 0.8593270504915119,
  "one_vs_rest_rows": [
    {
      "FN": 12389,
      "FP": 505,
      "TN": 48995,
      "TP": 32611,
      "class_id": 0,
      "class_name": "normal",
      "f1": 0.8349377848328128,
      "precision": 0.98475057374079,
      "recall": 0.7246888888888889
    },
    {
      "FN": 505,
      "FP": 12389,
      "TN": 32611,
      "TP": 48995,
      "class_id": 1,
      "class_name": "attack",
      "f1": 0.8837163161502111,
      "precision": 0.7981721621269386,
      "recall": 0.9897979797979798
    }
  ],
  "precision": 0.7981721621269386,
  "precision_attack": 0.7981721621269386,
  "precision_normal": 0.98475057374079,
  "recall": 0.9897979797979798,
  "recall_attack": 0.9897979797979798,
  "recall_normal": 0.7246888888888889,
  "support_attack": 49500,
  "support_normal": 45000,
  "support_total": 94500,
  "weighted_f1": 0.8604884440943071
}
