{
  "FN": 502,
  "FNR": 0.010141414141414142,
  "FP": 12549,
  "FPR": 0.27886666666666665,
  "TN": 32451,
  "TP": 48998,
  "accuracy": 0.8618941798941799,
  "classification_report": {
    "accuracy": 0.8618941798941799,
    "attack": {
      "f1_score": 0.8824731870289156,
      "precision": 0.7961070401481795,
      "recall": 0.9898585858585859,
      "support": 49500
    },
    "macro_avg": {
      "f1_score": 0.8575258960429044
    },
    "normal": {
      "f1_score": 0.8325786050568933,
      "precision": 0.9847661821381968,
      "recall": 0.7211333333333333,
      "support": 45000
    },
    "weighted_avg": {
      "f1_score": 0.8587138622803336
    }
  },
  "confusion_matrix": [
    [
      32451,
      12549
    ],
    [
      502,
      48998
    ]
  ],
  "f1": 0.8824731870289156,
  "f1_attack": 0.8824731870289156,
  "f1_normal": 0.8325786050568933,
  "loss": 0.3220132291316986,
  "macro_f1": 0.8575258960429044,
  "one_vs_rest_rows": [
    {
      "FN": 12549,
      "FP": 502,
      "TN": 48998,
      "TP": 32451,
      "class_id": 0,
      "class_name": "normal",
      "f1": 0.8325786050568933,
      "precision": 0.9847661821381968,
      "recall": 0.7211333333333333
    },
    {
      "FN": 502,
      "FP": 12549,
      "TN": 32451,
      "TP": 48998,
      "class_id": 1,
      "class_name": "attack",
      "f1": 0.8824731870289156,
      "precision": 0.7961070401481795,
      "recall": 0.9898585858585859
    }
  ],
  "precision": 0.7961070401481795,
  "precision_attack": 0.7961070401481795,
  "precision_normal": 0.9847661821381968,
  "recall": 0.9898585858585859,
  "recall_attack": 0.9898585858585859,
  "recall_normal": 0.7211333333333333,
  "support_attack": 49500,
  "support_normal": 45000,
  "support_total": 94500,
  "weighted_f1": 0.8587138622803336
}
