{
  "accuracy": 0.929037037037037,
  "attack": {
    "f1_score": 0.9349550912723815,
    "precision": 0.899212657188701,
    "recall": 0.9736565656565657,
    "support": 49500
  },
  "macro_avg": {
    "f1_score": 0.928444694247399
  },
  "normal": {
    "f1_score": 0.9219342972224163,
    "precision": 0.9681189183902987,
    "recall": 0.8799555555555556,
    "support": 45000
  },
  "weighted_avg": {
    "f1_score": 0.9287547131533505
  }
}
