{
  "FN": 1304,
  "FNR": 0.026343434343434342,
  "FP": 5402,
  "FPR": 0.12004444444444444,
  "TN": 39598,
  "TP": 48196,
  "accuracy": 0.929037037037037,
  "classification_report": {
    "accuracy": 0.929037037037037,
    "attack": {
      "f1_score": 0.9349550912723815,
      "precision": 0.899212657188701,
      "recall": 0.9736565656565657,
      "support": 49500
    },
    "macro_avg": {
      "f1_score": 0.928444694247399
    },
    "normal": {
      "f1_score": 0.9219342972224163,
      "precision": 0.9681189183902987,
      "recall": 0.8799555555555556,
      "support": 45000
    },
    "weighted_avg": {
      "f1_score": 0.9287547131533505
    }
  },
  "confusion_matrix": [
    [
      39598,
      5402
    ],
    [
      1304,
      48196
    ]
  ],
  "f1": 0.9349550912723815,
  "f1_attack": 0.9349550912723815,
  "f1_normal": 0.9219342972224163,
  "loss": 0.1765693705132667,
  "macro_f1": 0.928444694247399,
  "one_vs_rest_rows": [
    {
      "FN": 5402,
      "FP": 1304,
      "TN": 48196,
      "TP": 39598,
      "class_id": 0,
      "class_name": "normal",
      "f1": 0.9219342972224163,
      "precision": 0.9681189183902987,
      "recall": 0.8799555555555556
    },
    {
      "FN": 1304,
      "FP": 5402,
      "TN": 39598,
      "TP": 48196,
      "class_id": 1,
      "class_name": "attack",
      "f1": 0.9349550912723815,
      "precision": 0.899212657188701,
      "recall": 0.9736565656565657
    }
  ],
  "precision": 0.899212657188701,
  "precision_attack": 0.899212657188701,
  "precision_normal": 0.9681189183902987,
  "recall": 0.9736565656565657,
  "recall_attack": 0.9736565656565657,
  "recall_normal": 0.8799555555555556,
  "support_attack": 49500,
  "support_normal": 45000,
  "support_total": 94500,
  "weighted_f1": 0.9287547131533505
}
