{
  "FN": 1293,
  "FNR": 0.02612121212121212,
  "FP": 5234,
  "FPR": 0.11631111111111112,
  "TN": 39766,
  "TP": 48207,
  "accuracy": 0.9309312169312169,
  "classification_report": {
    "accuracy": 0.9309312169312169,
    "attack": {
      "f1_score": 0.9365947484481403,
      "precision": 0.902060215939073,
      "recall": 0.9738787878787879,
      "support": 49500
    },
    "macro_avg": {
      "f1_score": 0.930375715826924
    },
    "normal": {
      "f1_score": 0.9241566832057078,
      "precision": 0.9685087313378309,
      "recall": 0.8836888888888889,
      "support": 45000
    },
    "weighted_avg": {
      "f1_score": 0.9306718602374581
    }
  },
  "confusion_matrix": [
    [
      39766,
      5234
    ],
    [
      1293,
      48207
    ]
  ],
  "f1": 0.9365947484481403,
  "f1_attack": 0.9365947484481403,
  "f1_normal": 0.9241566832057078,
  "loss": 0.17149308704315347,
  "macro_f1": 0.930375715826924,
  "one_vs_rest_rows": [
    {
      "FN": 5234,
      "FP": 1293,
      "TN": 48207,
      "TP": 39766,
      "class_id": 0,
      "class_name": "normal",
      "f1": 0.9241566832057078,
      "precision": 0.9685087313378309,
      "recall": 0.8836888888888889
    },
    {
      "FN": 1293,
      "FP": 5234,
      "TN": 39766,
      "TP": 48207,
      "class_id": 1,
      "class_name": "attack",
      "f1": 0.9365947484481403,
      "precision": 0.902060215939073,
      "recall": 0.9738787878787879
    }
  ],
  "precision": 0.902060215939073,
  "precision_attack": 0.902060215939073,
  "precision_normal": 0.9685087313378309,
  "recall": 0.9738787878787879,
  "recall_attack": 0.9738787878787879,
  "recall_normal": 0.8836888888888889,
  "support_attack": 49500,
  "support_normal": 45000,
  "support_total": 94500,
  "weighted_f1": 0.9306718602374581
}
