{
  "FN": 0,
  "FNR": 0.0,
  "FP": 472,
  "FPR": 1.0,
  "TN": 0,
  "TP": 528,
  "accuracy": 0.528,
  "classification_report": {
    "accuracy": 0.528,
    "attack": {
      "f1_score": 0.6910994764397906,
      "precision": 0.528,
      "recall": 1.0,
      "support": 528
    },
    "macro_avg": {
      "f1_score": 0.3455497382198953
    },
    "normal": {
      "f1_score": 0.0,
      "precision": 0.0,
      "recall": 0.0,
      "support": 472
    },
    "weighted_avg": {
      "f1_score": 0.36490052356020947
    }
  },
  "confusion_matrix": [
    [
      0,
      472
    ],
    [
      0,
      528
    ]
  ],
  "f1": 0.6910994764397906,
  "f1_attack": 0.6910994764397906,
  "f1_normal": 0.0,
  "loss": 3.2206344604492188,
  "macro_f1": 0.3455497382198953,
  "one_vs_rest_rows": [
    {
      "FN": 472,
      "FP": 0,
      "TN": 528,
      "TP": 0,
      "class_id": 0,
      "class_name": "normal",
      "f1": 0.0,
      "precision": 0.0,
      "recall": 0.0
    },
    {
      "FN": 0,
      "FP": 472,
      "TN": 0,
      "TP": 528,
      "class_id": 1,
      "class_name": "attack",
      "f1": 0.6910994764397906,
      "precision": 0.528,
      "recall": 1.0
    }
  ],
  "precision": 0.528,
  "precision_attack": 0.528,
  "precision_normal": 0.0,
  "recall": 1.0,
  "recall_attack": 1.0,
  "recall_normal": 0.0,
  "support_attack": 528,
  "support_normal": 472,
  "support_total": 1000,
  "weighted_f1": 0.36490052356020947
}
