{
  "FNR_macro": 0.7903011416135044,
  "FPR_macro": 0.11463040865364069,
  "accuracy": 0.171,
  "class_names": [
    "0",
    "1",
    "2",
    "3",
    "4",
    "5",
    "6",
    "7"
  ],
  "confusion_matrix": [
    [
      44,
      3,
      2,
      2,
      0,
      11,
      33,
      11
    ],
    [
      55,
      129,
      237,
      1,
      27,
      24,
      216,
      527
    ],
    [
      3,
      9,
      115,
      0,
      32,
      4,
      72,
      136
    ],
    [
      16,
      0,
      0,
      1,
      0,
      3,
      16,
      4
    ],
    [
      10,
      3,
      17,
      0,
      70,
      0,
      20,
      194
    ],
    [
      157,
      25,
      71,
      2,
      4,
      55,
      111,
      21
    ],
    [
      71,
      0,
      2,
      7,
      2,
      15,
      61,
      10
    ],
    [
      155,
      2,
      4,
      4,
      4,
      22,
      110,
      38
    ]
  ],
  "loss": 3.0252692699432373,
  "macro_f1": 0.1692268412628463,
  "per_class": {
    "0": {
      "FN": 62,
      "FNR": 0.5849056603773585,
      "FP": 467,
      "FPR": 0.16136834830684174,
      "TN": 2427,
      "TP": 44,
      "class_id": 0,
      "class_name": "0",
      "f1": 0.14262560777957858,
      "precision": 0.08610567514677103,
      "recall": 0.41509433962264153,
      "support": 106
    },
    "1": {
      "FN": 1087,
      "FNR": 0.8939144736842105,
      "FP": 42,
      "FPR": 0.023542600896860985,
      "TN": 1742,
      "TP": 129,
      "class_id": 1,
      "class_name": "1",
      "f1": 0.18601297764960348,
      "precision": 0.7543859649122807,
      "recall": 0.10608552631578948,
      "support": 1216
    },
    "2": {
      "FN": 256,
      "FNR": 0.6900269541778976,
      "FP": 333,
      "FPR": 0.12666413084823128,
      "TN": 2296,
      "TP": 115,
      "class_id": 2,
      "class_name": "2",
      "f1": 0.28083028083028083,
      "precision": 0.25669642857142855,
      "recall": 0.30997304582210244,
      "support": 371
    },
    "3": {
      "FN": 39,
      "FNR": 0.975,
      "FP": 16,
      "FPR": 0.005405405405405406,
      "TN": 2944,
      "TP": 1,
      "class_id": 3,
      "class_name": "3",
      "f1": 0.03508771929824561,
      "precision": 0.058823529411764705,
      "recall": 0.025,
      "support": 40
    },
    "4": {
      "FN": 244,
      "FNR": 0.7770700636942676,
      "FP": 69,
      "FPR": 0.025688756515264335,
      "TN": 2617,
      "TP": 70,
      "class_id": 4,
      "class_name": "4",
      "f1": 0.3090507726269316,
      "precision": 0.5035971223021583,
      "recall": 0.2229299363057325,
      "support": 314
    },
    "5": {
      "FN": 391,
      "FNR": 0.8766816143497758,
      "FP": 79,
      "FPR": 0.030931871574001565,
      "TN": 2475,
      "TP": 55,
      "class_id": 5,
      "class_name": "5",
      "f1": 0.18965517241379312,
      "precision": 0.41044776119402987,
      "recall": 0.12331838565022421,
      "support": 446
    },
    "6": {
      "FN": 107,
      "FNR": 0.6369047619047619,
      "FP": 578,
      "FPR": 0.2040960451977401,
      "TN": 2254,
      "TP": 61,
      "class_id": 6,
      "class_name": "6",
      "f1": 0.15117719950433706,
      "precision": 0.09546165884194054,
      "recall": 0.3630952380952381,
      "support": 168
    },
    "7": {
      "FN": 301,
      "FNR": 0.887905604719764,
      "FP": 903,
      "FPR": 0.33934611048478014,
      "TN": 1758,
      "TP": 38,
      "class_id": 7,
      "class_name": "7",
      "f1": 0.059375,
      "precision": 0.040382571732199786,
      "recall": 0.11209439528023599,
      "support": 339
    }
  },
  "precision_macro": 0.27573758901407164,
  "recall_macro": 0.20969885838649555,
  "support_total": 3000,
  "weighted_f1": 0.19135189407488468
}
