{
  "generated_at": "2026-05-02T12:54:57.998512Z",
  "model": "weak",
  "validation": {
    "accuracy": 0.04086666666666667,
    "macro_f1": 0.016551971993973957,
    "weighted_f1": 0.015209973656697405,
    "benign_recall": 0.0,
    "attack_recall": 1.0,
    "false_positive_rate": 1.0,
    "num_samples": 15000.0
  },
  "federated_summary": {
    "status": "success",
    "completed_rounds": 1,
    "requested_rounds": 1
  }
}