{
  "best_fitness": 0.7574875904383241,
  "mask": [
    1,
    0,
    1,
    1,
    1,
    0,
    1,
    0,
    0,
    0,
    0,
    0,
    0,
    1,
    1,
    0,
    0,
    0,
    0,
    1,
    1,
    0,
    0,
    0,
    0,
    1,
    1,
    1
  ],
  "mask_id": "conservative_seed_42",
  "method": "P8.1.5 QGA calibration profile=conservative",
  "n_features_original": 28,
  "phase": "P8",
  "profile": "conservative",
  "run_id": "run_20260508_123207",
  "seed": 42,
  "selected_features": [
    "flow_duration",
    "Protocol Type",
    "Duration",
    "Rate",
    "syn_flag_number",
    "urg_count",
    "rst_count",
    "TCP",
    "UDP",
    "Std",
    "IAT",
    "Number"
  ],
  "selected_features_count": 12,
  "selected_indices": [
    0,
    2,
    3,
    4,
    6,
    13,
    14,
    19,
    20,
    25,
    26,
    27
  ],
  "test_used_for_selection": false,
  "validation_metrics": {
    "FN": 5196,
    "FNR": 0.10496969696969696,
    "FP": 5397,
    "FPR": 0.11993333333333334,
    "TN": 39603,
    "TP": 44304,
    "accuracy": 0.8879047619047619,
    "f1": 0.8932168022499773,
    "f1_attack": 0.8932168022499773,
    "f1_normal": 0.8820365482911836,
    "features_count": 12,
    "loss": 0.31025684124452096,
    "macro_f1": 0.8876266752705805,
    "precision": 0.8914106356008934,
    "precision_attack": 0.8914106356008934,
    "precision_normal": 0.8840152681979508,
    "recall": 0.8950303030303031,
    "recall_attack": 0.8950303030303031,
    "recall_normal": 0.8800666666666667,
    "support_attack": 49500,
    "support_normal": 45000,
    "support_total": 94500,
    "weighted_f1": 0.8878928717934088
  }
}