{
  "p4_macro_f1": 0.961143284995805,
  "p5_macro_f1": 0.8084800014934286,
  "p6_macro_f1": 0.6355288381246096,
  "task": "l2_family",
  "with_p4": {
    "gap_macro_f1": -0.7275356152903631,
    "p4_accuracy": 0.9611957671957672,
    "p4_macro_f1": 0.961143284995805,
    "p7_accuracy": 0.39379682450388365,
    "p7_macro_f1": 0.23360766970544183
  },
  "with_p5": {
    "gap_macro_f1": -0.5748723317879867,
    "p5_fpr": 0.3256222222222222,
    "p5_macro_f1": 0.8084800014934286,
    "p7_fpr": 0.08570067804516548,
    "p7_macro_f1": 0.23360766970544183
  },
  "with_p6": {
    "gap_macro_f1": -0.40192116841916775,
    "p6_l2_macro_f1": 0.6355288381246096,
    "p7_macro_f1": 0.23360766970544183
  }
}
