{
  "FN": 0,
  "FNR": 0.0,
  "FP": 1637,
  "FPR": 1.0,
  "TN": 0,
  "TP": 1363,
  "accuracy": 0.4543333333333333,
  "f1": 0.62479944991978,
  "f1_attack": 0.62479944991978,
  "f1_normal": 0.0,
  "macro_f1": 0.31239972495989,
  "precision": 0.4543333333333333,
  "precision_attack": 0.4543333333333333,
  "precision_normal": 0.0,
  "recall": 1.0,
  "recall_attack": 1.0,
  "recall_normal": 0.0,
  "selection_split": "server_validation",
  "support_attack": 1363,
  "support_normal": 1637,
  "support_total": 3000,
  "test_used_for_threshold": false,
  "threshold": 0.05,
  "weighted_f1": 0.2838672167468867
}
