{
  "primary_objective": "f1_attack",
  "primary_threshold": 0.05,
  "primary_validation_metrics": {
    "FN": 0,
    "FNR": 0.0,
    "FP": 1637,
    "FPR": 1.0,
    "TN": 0,
    "TP": 1363,
    "accuracy": 0.4543333333333333,
    "f1": 0.62479944991978,
    "f1_attack": 0.62479944991978,
    "f1_normal": 0.0,
    "macro_f1": 0.31239972495989,
    "precision": 0.4543333333333333,
    "precision_attack": 0.4543333333333333,
    "precision_normal": 0.0,
    "recall": 1.0,
    "recall_attack": 1.0,
    "recall_normal": 0.0,
    "support_attack": 1363,
    "support_normal": 1637,
    "support_total": 3000,
    "threshold": 0.05,
    "weighted_f1": 0.2838672167468867
  },
  "secondary_objective": "recall_attack_with_fpr_control",
  "secondary_threshold": 0.7,
  "secondary_validation_metrics": {
    "FN": 1253,
    "FNR": 0.9192956713132795,
    "FP": 38,
    "FPR": 0.023213194868662187,
    "TN": 1599,
    "TP": 110,
    "accuracy": 0.5696666666666667,
    "f1": 0.14559894109861016,
    "f1_attack": 0.14559894109861016,
    "f1_normal": 0.7124081087101806,
    "macro_f1": 0.42900352490439536,
    "precision": 0.7432432432432432,
    "precision_attack": 0.7432432432432432,
    "precision_normal": 0.5606591865357644,
    "recall": 0.08070432868672046,
    "recall_attack": 0.08070432868672046,
    "recall_normal": 0.9767868051313379,
    "support_attack": 1363,
    "support_normal": 1637,
    "support_total": 3000,
    "threshold": 0.7,
    "weighted_f1": 0.4548878102253237
  },
  "selection_split": "validation",
  "test_used_for_threshold": false
}
