{
  "p4_macro_f1": 0.961143284995805,
  "p5_macro_f1": 0.9470466508371085,
  "p6_macro_f1": 0.6355288381246096,
  "task": "l2_family",
  "with_p4": {
    "gap_macro_f1": -0.43285893465905045,
    "p4_accuracy": 0.9611957671957672,
    "p4_macro_f1": 0.961143284995805,
    "p7_accuracy": 0.7248359952065772,
    "p7_macro_f1": 0.5282843503367546
  },
  "with_p5": {
    "gap_macro_f1": -0.4187623005003539,
    "p5_fpr": 0.047733333333333336,
    "p5_macro_f1": 0.9470466508371085,
    "p7_fpr": 0.04810715302201182,
    "p7_macro_f1": 0.5282843503367546
  },
  "with_p6": {
    "gap_macro_f1": -0.107244487787855,
    "p6_l2_macro_f1": 0.6355288381246096,
    "p7_macro_f1": 0.5282843503367546
  }
}
